WordID,Word
1,Monday
2,Tuesday
3,Wednesday
4,Thursday
5,Friday
6,Saturday
7,Sunday
8,January
9,February
10,April
11,June
12,July
13,august
14,September
15,October
16,November
17,December
18,zero
19,two
20,three
21,four
22,five
23,six
24,seven
25,eight
26,nine
27,ten
28,eleven
29,twelve
30,thirteen
31,fourteen
32,fifteen
33,sixteen
34,seventeen
35,eighteen
36,nineteen
37,twenty
38,thirty
39,forty
40,fifty
41,sixty
42,seventy
43,eighty
44,ninety
45,hundred
46,thousand
47,million
48,billion
49,trillion
50,quadrillion
51,the
52,be
53,and
54,of
55,to
56,a
57,in
58,have
59,it
60,you
61,he
62,for
63,they
64,not
65,that
66,we
67,on
68,with
69,this
70,I
71,do
72,as
73,at
74,she
75,but
76,from
77,by
78,will
79,or
80,say
81,go
82,so
83,all
84,if
85,one
86,would
87,about
88,can
89,which
90,there
91,know
92,more
93,get
94,who
95,like
96,when
97,think
98,make
99,time
100,see
101,what
102,up
103,some
104,other
105,out
106,good
107,people
108,year
109,take
110,no
111,well
112,because
113,very
114,just
115,come
116,could
117,work
118,use
119,than
120,now
121,then
122,also
123,into
124,only
125,look
126,want
127,give
128,first
129,new
130,way
131,find
132,over
133,any
134,after
135,day
136,where
137,thing
138,most
139,should
140,need
141,much
142,right
143,how
144,back
145,mean
146,even
147,may
148,here
149,many
150,such
151,last
152,child
153,tell
154,really
155,call
156,before
157,company
158,through
159,down
160,show
161,life
162,man
163,change
164,place
165,long
166,between
167,feel
168,too
169,still
170,problem
171,write
172,same
173,lot
174,great
175,try
176,leave
177,number
178,both
179,own
180,part
181,point
182,little
183,help
184,ask
185,meet
186,start
187,talk
188,something
189,put
190,another
191,become
192,interest
193,country
194,old
195,each
196,school
197,late
198,high
199,different
200,off
201,next
202,end
203,live
204,why
205,while
206,world
207,week
208,play
209,might
210,must
211,home
212,never
213,include
214,course
215,house
216,report
217,group
218,case
219,woman
220,around
221,book
222,family
223,seem
224,let
225,again
226,kind
227,keep
228,hear
229,system
230,every
231,question
232,during
233,always
234,big
235,set
236,small
237,study
238,follow
239,begin
240,important
241,since
242,run
243,under
244,turn
245,few
246,bring
247,early
248,hand
249,state
250,move
251,money
252,fact
253,however
254,area
255,provide
256,name
257,read
258,friend
259,month
260,large
261,business
262,without
263,information
264,open
265,order
266,government
267,word
268,issue
269,market
270,pay
271,build
272,hold
273,service
274,against
275,believe
276,second
277,though
278,yes
279,love
280,increase
281,job
282,plan
283,result
284,away
285,example
286,happen
287,offer
288,young
289,close
290,program
291,lead
292,buy
293,understand
294,thank
295,far
296,today
297,hour
298,student
299,face
300,hope
301,idea
302,cost
303,less
304,room
305,until
306,reason
307,form
308,spend
309,head
310,car
311,learn
312,level
313,person
314,experience
315,once
316,member
317,enough
318,bad
319,city
320,night
321,able
322,support
323,whether
324,line
325,present
326,side
327,quite
328,although
329,sure
330,term
331,least
332,age
333,low
334,speak
335,within
336,process
337,public
338,often
339,train
340,possible
341,actually
342,rather
343,view
344,together
345,consider
346,price
347,parent
348,hard
349,party
350,local
351,control
352,already
353,concern
354,product
355,lose
356,story
357,almost
358,continue
359,stand
360,whole
361,yet
362,rate
363,care
364,expect
365,effect
366,sort
367,ever
368,anything
369,cause
370,fall
371,deal
372,water
373,send
374,allow
375,soon
376,watch
377,base
378,probably
379,suggest
380,past
381,power
382,test
383,visit
384,center
385,grow
386,nothing
387,return
388,mother
389,walk
390,matter
391,mind
392,value
393,office
394,record
395,stay
396,force
397,stop
398,several
399,light
400,develop
401,remember
402,bit
403,share
404,real
405,answer
406,sit
407,figure
408,letter
409,decide
410,language
411,subject
412,class
413,development
414,town
415,half
416,minute
417,food
418,break
419,clear
420,future
421,either
422,ago
423,per
424,remain
425,top
426,among
427,win
428,color
429,involve
430,reach
431,social
432,period
433,across
434,note
435,history
436,create
437,drive
438,along
439,type
440,sound
441,eye
442,music
443,game
444,political
445,free
446,receive
447,moment
448,sale
449,policy
450,further
451,body
452,require
453,wait
454,general
455,appear
456,toward
457,team
458,easy
459,individual
460,full
461,black
462,sense
463,perhaps
464,add
465,rule
466,pass
467,produce
468,sell
469,short
470,agree
471,law
472,everything
473,research
474,cover
475,paper
476,position
477,near
478,human
479,computer
480,situation
481,staff
482,activity
483,film
484,morning
485,war
486,account
487,shop
488,major
489,someone
490,above
491,design
492,event
493,special
494,sometimes
495,condition
496,carry
497,choose
498,father
499,decision
500,table
501,certain
502,forward
503,main
504,die
505,bear
506,cut
507,describe
508,himself
509,available
510,especially
511,strong
512,rise
513,girl
514,maybe
515,community
516,else
517,particular
518,role
519,join
520,difficult
521,please
522,detail
523,difference
524,action
525,health
526,eat
527,step
528,TRUE
529,phone
530,themselves
531,draw
532,white
533,date
534,practice
535,model
536,raise
537,customer
538,front
539,explain
540,door
541,outside
542,behind
543,economic
544,site
545,approach
546,teacher
547,land
548,charge
549,finally
550,sign
551,claim
552,relationship
553,travel
554,enjoy
555,death
556,nice
557,amount
558,improve
559,picture
560,boy
561,regard
562,organization
563,happy
564,couple
565,act
566,range
567,quality
568,project
569,round
570,opportunity
571,road
572,accord
573,list
574,wish
575,therefore
576,wear
577,fund
578,rest
579,kid
580,industry
581,education
582,measure
583,kill
584,serve
585,likely
586,certainly
587,national
588,itself
589,teach
590,field
591,security
592,air
593,benefit
594,trade
595,risk
596,news
597,standard
598,vote
599,percent
600,focus
601,stage
602,space
603,instead
604,realize
605,usually
606,data
607,single
608,address
609,performance
610,chance
611,accept
612,society
613,technology
614,mention
615,choice
616,save
617,common
618,culture
619,total
620,demand
621,material
622,limit
623,listen
624,due
625,wrong
626,foot
627,effort
628,attention
629,upon
630,check
631,complete
632,lie
633,pick
634,reduce
635,personal
636,ground
637,animal
638,arrive
639,patient
640,current
641,century
642,evidence
643,exist
644,similar
645,fight
646,leader
647,fine
648,street
649,former
650,contact
651,particularly
652,wife
653,sport
654,prepare
655,discuss
656,response
657,voice
658,piece
659,finish
660,suppose
661,apply
662,president
663,fire
664,compare
665,court
666,police
667,store
668,poor
669,knowledge
670,laugh
671,arm
672,heart
673,source
674,employee
675,manage
676,simply
677,bank
678,firm
679,cell
680,article
681,fast
682,attack
683,foreign
684,surprise
685,feature
686,factor
687,pretty
688,recently
689,affect
690,drop
691,recent
692,relate
693,official
694,financial
695,miss
696,art
697,campaign
698,private
699,pause
700,everyone
701,forget
702,page
703,worry
704,summer
705,drink
706,opinion
707,park
708,represent
709,key
710,inside
711,manager
712,international
713,contain
714,notice
715,wonder
716,nature
717,structure
718,section
719,myself
720,exactly
721,plant
722,paint
723,worker
724,press
725,whatever
726,necessary
727,region
728,growth
729,evening
730,influence
731,respect
732,various
733,catch
734,thus
735,skill
736,attempt
737,son
738,simple
739,medium
740,average
741,stock
742,management
743,character
744,bed
745,hit
746,establish
747,indeed
748,final
749,economy
750,fit
751,guy
752,function
753,yesterday
754,image
755,size
756,behavior
757,addition
758,determine
759,station
760,population
761,fail
762,environment
763,production
764,contract
765,player
766,comment
767,enter
768,occur
769,alone
770,significant
771,drug
772,wall
773,series
774,direct
775,success
776,tomorrow
777,director
778,clearly
779,lack
780,review
781,depend
782,race
783,recognize
784,window
785,purpose
786,department
787,gain
788,tree
789,college
790,argue
791,board
792,holiday
793,mark
794,church
795,machine
796,achieve
797,item
798,prove
799,cent
800,season
801,floor
802,stuff
803,wide
804,anyone
805,method
806,analysis
807,election
808,military
809,hotel
810,club
811,below
812,movie
813,doctor
814,discussion
815,sorry
816,challenge
817,nation
818,nearly
819,statement
820,link
821,despite
822,introduce
823,advantage
824,ready
825,marry
826,strike
827,mile
828,seek
829,ability
830,unit
831,card
832,hospital
833,quickly
834,interview
835,agreement
836,release
837,tax
838,solution
839,capital
840,popular
841,specific
842,beautiful
843,fear
844,aim
845,television
846,serious
847,target
848,degree
849,pull
850,red
851,husband
852,access
853,movement
854,treat
855,identify
856,loss
857,shall
858,modern
859,pressure
860,bus
861,treatment
862,conference
863,yourself
864,supply
865,village
866,worth
867,natural
868,express
869,indicate
870,attend
871,brother
872,investment
873,score
874,organize
875,trip
876,beyond
877,sleep
878,fish
879,promise
880,potential
881,energy
882,trouble
883,relation
884,touch
885,file
886,middle
887,bar
888,suffer
889,strategy
890,deep
891,except
892,clean
893,tend
894,advance
895,fill
896,star
897,network
898,generally
899,operation
900,match
901,avoid
902,seat
903,throw
904,task
905,normal
906,goal
907,associate
908,blue
909,positive
910,option
911,box
912,huge
913,message
914,instance
915,style
916,refer
917,cold
918,push
919,quarter
920,assume
921,baby
922,successful
923,sing
924,doubt
925,competition
926,theory
927,propose
928,reference
929,argument
930,adult
931,fly
932,document
933,pattern
934,application
935,hot
936,obviously
937,unclear
938,bill
939,search
940,separate
941,central
942,career
943,anyway
944,speech
945,dog
946,officer
947,throughout
948,oil
949,dress
950,profit
951,guess
952,fun
953,protect
954,resource
955,science
956,disease
957,balance
958,damage
959,basis
960,author
961,basic
962,encourage
963,hair
964,male
965,operate
966,reflect
967,exercise
968,useful
969,restaurant
970,income
971,property
972,previous
973,dark
974,imagine
975,okay
976,earn
977,daughter
978,post
979,newspaper
980,define
981,conclusion
982,clock
983,everybody
984,weekend
985,perform
986,professional
987,mine
988,debate
989,memory
990,green
991,song
992,object
993,maintain
994,credit
995,ring
996,discover
997,dead
998,afternoon
999,prefer
1000,extend
1001,possibility
1002,direction
1003,facility
1004,variety
1005,daily
1006,clothes
1007,screen
1008,track
1009,dance
1010,completely
1011,female
1012,responsibility
1013,original
1014,sister
1015,rock
1016,dream
1017,nor
1018,university
1019,easily
1020,agency
1021,dollar
1022,garden
1023,fix
1024,ahead
1025,cross
1026,yeah
1027,candidate
1028,weight
1029,legal
1030,proposal
1031,version
1032,conversation
1033,somebody
1034,pound
1035,magazine
1036,shape
1037,sea
1038,immediately
1039,welcome
1040,smile
1041,communication
1042,agent
1043,traditional
1044,replace
1045,judge
1046,herself
1047,suddenly
1048,generation
1049,estimate
1050,favorite
1051,difficulty
1052,purchase
1053,shoot
1054,announce
1055,unless
1056,independent
1057,recommend
1058,survey
1059,majority
1060,stick
1061,request
1062,rich
1063,wind
1064,none
1065,exchange
1066,budget
1067,famous
1068,blood
1069,appropriate
1070,block
1071,warm
1072,count
1073,scene
1074,writer
1075,content
1076,prevent
1077,safe
1078,invite
1079,mix
1080,element
1081,effective
1082,correct
1083,medical
1084,admit
1085,beat
1086,telephone
1087,copy
1088,committee
1089,aware
1090,advice
1091,handle
1092,glass
1093,trial
1094,stress
1095,radio
1096,administration
1097,complex
1098,text
1099,context
1100,ride
1101,directly
1102,heavy
1103,remove
1104,conduct
1105,equipment
1106,otherwise
1107,title
1108,extra
1109,executive
1110,chair
1111,expensive
1112,sample
1113,sex
1114,deliver
1115,video
1116,connection
1117,primary
1118,weather
1119,collect
1120,inform
1121,principle
1122,straight
1123,appeal
1124,highly
1125,trust
1126,wonderful
1127,flat
1128,absolutely
1129,flow
1130,fair
1131,additional
1132,responsible
1133,farm
1134,collection
1135,hang
1136,negative
1137,band
1138,relative
1139,tour
1140,alternative
1141,software
1142,pair
1143,ship
1144,attitude
1145,cheap
1146,double
1147,leg
1148,observe
1149,sentence
1150,print
1151,progress
1152,truth
1153,nobody
1154,examine
1155,lay
1156,speed
1157,politics
1158,reply
1159,display
1160,transfer
1161,perfect
1162,slightly
1163,overall
1164,intend
1165,user
1166,respond
1167,dinner
1168,slow
1169,regular
1170,physical
1171,apart
1172,suit
1173,federal
1174,reveal
1175,percentage
1176,peace
1177,status
1178,crime
1179,decline
1180,decade
1181,launch
1182,warn
1183,consumer
1184,favor
1185,dry
1186,partner
1187,institution
1188,spot
1189,horse
1190,eventually
1191,heat
1192,excite
1193,reader
1194,importance
1195,distance
1196,guide
1197,grant
1198,taxi
1199,feed
1200,pain
1201,sector
1202,mistake
1203,ensure
1204,satisfy
1205,chief
1206,cool
1207,expert
1208,wave
1209,south
1210,labor
1211,surface
1212,library
1213,excellent
1214,edge
1215,camp
1216,audience
1217,lift
1218,procedure
1219,email
1220,global
1221,struggle
1222,advertise
1223,select
1224,surround
1225,extent
1226,river
1227,annual
1228,fully
1229,contrast
1230,roll
1231,reality
1232,photograph
1233,artist
1234,conflict
1235,entire
1236,presence
1237,crowd
1238,corner
1239,gas
1240,shift
1241,net
1242,category
1243,secretary
1244,defense
1245,quick
1246,cook
1247,spread
1248,nuclear
1249,scale
1250,driver
1251,ball
1252,cry
1253,introduction
1254,requirement
1255,north
1256,confirm
1257,senior
1258,photo
1259,refuse
1260,transport
1261,emerge
1262,map
1263,concept
1264,island
1265,reform
1266,neither
1267,football
1268,survive
1269,flight
1270,left
1271,solve
1272,neighbor
1273,background
1274,technique
1275,traffic
1276,improvement
1277,tool
1278,consequence
1279,circumstance
1280,smoke
1281,reaction
1282,rain
1283,busy
1284,lesson
1285,brain
1286,mass
1287,funny
1288,contribute
1289,failure
1290,schedule
1291,speaker
1292,bottom
1293,adopt
1294,combine
1295,mountain
1296,waste
1297,hide
1298,marriage
1299,ticket
1300,meal
1301,colleague
1302,bag
1303,repeat
1304,equal
1305,expression
1306,plus
1307,extremely
1308,owner
1309,plane
1310,commercial
1311,lady
1312,duty
1313,strength
1314,connect
1315,cultural
1316,arrange
1317,scheme
1318,payment
1319,unfortunately
1320,brief
1321,bird
1322,demonstrate
1323,contribution
1324,appreciate
1325,chapter
1326,secret
1327,apparently
1328,novel
1329,union
1330,burn
1331,trend
1332,initial
1333,pleasure
1334,suggestion
1335,critical
1336,gather
1337,mostly
1338,earth
1339,pop
1340,essential
1341,desire
1342,promote
1343,currently
1344,employ
1345,path
1346,topic
1347,beach
1348,attract
1349,engage
1350,powerful
1351,flower
1352,crisis
1353,settle
1354,boat
1355,aid
1356,fan
1357,kitchen
1358,twice
1359,fresh
1360,delay
1361,safety
1362,engineer
1363,quiet
1364,insurance
1365,nurse
1366,divide
1367,length
1368,investigation
1369,package
1370,somewhere
1371,expand
1372,commit
1373,obvious
1374,jump
1375,weapon
1376,relatively
1377,host
1378,winter
1379,district
1380,broad
1381,tire
1382,spring
1383,spirit
1384,lunch
1385,actual
1386,pool
1387,battle
1388,tradition
1389,cash
1390,hardly
1391,award
1392,coach
1393,experiment
1394,consideration
1395,strange
1396,code
1397,possibly
1398,threat
1399,accident
1400,impossible
1401,revenue
1402,enable
1403,afraid
1404,active
1405,conclude
1406,religious
1407,cancer
1408,convince
1409,vary
1410,environmental
1411,sun
1412,healthy
1413,blow
1414,volume
1415,location
1416,invest
1417,proceed
1418,wash
1419,actor
1420,glad
1421,tape
1422,whereas
1423,opposite
1424,stone
1425,sum
1426,murder
1427,monitor
1428,soldier
1429,finance
1430,hate
1431,egg
1432,concert
1433,shock
1434,comfortable
1435,usual
1436,carefully
1437,pack
1438,recall
1439,wine
1440,camera
1441,swim
1442,manufacture
1443,theater
1444,cycle
1445,coffee
1446,totally
1447,museum
1448,visitor
1449,freedom
1450,construction
1451,dear
1452,objective
1453,moreover
1454,onto
1455,historical
1456,oppose
1457,branch
1458,vehicle
1459,scientist
1460,route
1461,bind
1462,belong
1463,taste
1464,tonight
1465,fashion
1466,danger
1467,bomb
1468,army
1469,dangerous
1470,decrease
1471,hurt
1472,council
1473,editor
1474,normally
1475,sight
1476,generate
1477,gift
1478,delivery
1479,deny
1480,guest
1481,anybody
1482,bedroom
1483,quote
1484,climb
1485,basically
1486,violence
1487,minister
1488,mainly
1489,mouth
1490,noise
1491,manner
1492,gun
1493,square
1494,occasion
1495,familiar
1496,ignore
1497,destroy
1498,affair
1499,civil
1500,locate
1501,citizen
1502,temperature
1503,gold
1504,domestic
1505,load
1506,belief
1507,troop
1508,technical
1509,remind
1510,arrangement
1511,skin
1512,prison
1513,switch
1514,acquire
1515,corporate
1516,fairly
1517,wood
1518,participate
1519,tough
1520,tear
1521,representative
1522,capacity
1523,border
1524,shake
1525,assessment
1526,shoe
1527,ought
1528,ad
1529,fee
1530,hall
1531,regulation
1532,escape
1533,studio
1534,proper
1535,relax
1536,tourist
1537,component
1538,afford
1539,lawyer
1540,suspect
1541,cup
1542,description
1543,confidence
1544,industrial
1545,complain
1546,perspective
1547,error
1548,arrest
1549,assess
1550,register
1551,asset
1552,signal
1553,finger
1554,relevant
1555,explore
1556,leadership
1557,commitment
1558,wake
1559,necessarily
1560,bright
1561,frame
1562,slowly
1563,bond
1564,hire
1565,hole
1566,tie
1567,internal
1568,chain
1569,literature
1570,victim
1571,threaten
1572,division
1573,secure
1574,amaze
1575,device
1576,birth
1577,forest
1578,label
1579,root
1580,factory
1581,expense
1582,channel
1583,investigate
1584,recommendation
1585,rank
1586,typical
1587,west
1588,friendly
1589,resident
1590,provision
1591,concentrate
1592,plenty
1593,export
1594,entirely
1595,strongly
1596,bridge
1597,consist
1598,graduate
1599,brand
1600,moral
1601,insist
1602,combination
1603,abuse
1604,ice
1605,principal
1606,master
1607,definitely
1608,session
1609,grade
1610,nevertheless
1611,predict
1612,previously
1613,protection
1614,largely
1615,wed
1616,rent
1617,shot
1618,appearance
1619,reasonable
1620,guarantee
1621,till
1622,theme
1623,judgment
1624,odd
1625,approve
1626,loan
1627,definition
1628,elect
1629,atmosphere
1630,farmer
1631,comparison
1632,characteristic
1633,license
1634,rely
1635,narrow
1636,succeed
1637,identity
1638,desk
1639,permit
1640,seriously
1641,wild
1642,empty
1643,commission
1644,unique
1645,association
1646,instrument
1647,investor
1648,practical
1649,tea
1650,lovely
1651,soft
1652,row
1653,youth
1654,lock
1655,fuel
1656,expectation
1657,employment
1658,celebrate
1659,sexual
1660,shoulder
1661,breath
1662,increasingly
1663,import
1664,bottle
1665,ourselves
1666,sheet
1667,engine
1668,cast
1669,notion
1670,conservative
1671,journey
1672,opposition
1673,relief
1674,debt
1675,honor
1676,outcome
1677,blame
1678,explanation
1679,arise
1680,musical
1681,recover
1682,dad
1683,stretch
1684,declare
1685,retire
1686,tiny
1687,careful
1688,suitable
1689,native
1690,fruit
1691,analyze
1692,witness
1693,mail
1694,terrible
1695,researcher
1696,ordinary
1697,selection
1698,anywhere
1699,mental
1700,participant
1701,vision
1702,personality
1703,specifically
1704,fat
1705,entry
1706,fellow
1707,chemical
1708,capture
1709,tip
1710,discount
1711,peak
1712,chairman
1713,proportion
1714,ear
1715,disappear
1716,shout
1717,yard
1718,constant
1719,significantly
1720,hill
1721,considerable
1722,instruction
1723,intelligence
1724,ideal
1725,folk
1726,surely
1727,guard
1728,cat
1729,somewhat
1730,kiss
1731,presentation
1732,joint
1733,compete
1734,poll
1735,weak
1736,faith
1737,reduction
1738,reserve
1739,complaint
1740,bore
1741,mission
1742,somehow
1743,tone
1744,neighborhood
1745,passenger
1746,justice
1747,phase
1748,thin
1749,rush
1750,formal
1751,religion
1752,employer
1753,reject
1754,latter
1755,plate
1756,ban
1757,steal
1758,protest
1759,index
1760,sad
1761,frequently
1762,circle
1763,helpful
1764,command
1765,attractive
1766,sick
1767,impression
1768,unable
1769,joke
1770,sky
1771,column
1772,electronic
1773,impose
1774,criminal
1775,besides
1776,properly
1777,ancient
1778,coast
1779,ill
1780,kick
1781,closely
1782,multiple
1783,yield
1784,via
1785,legislation
1786,county
1787,unlike
1788,mobile
1789,assistant
1790,implement
1791,chart
1792,attach
1793,hell
1794,everywhere
1795,advise
1796,household
1797,acknowledge
1798,reward
1799,east
1800,hat
1801,academic
1802,voter
1803,meanwhile
1804,furthermore
1805,accuse
1806,scientific
1807,wage
1808,absence
1809,construct
1810,remark
1811,medicine
1812,professor
1813,rare
1814,intention
1815,dozen
1816,settlement
1817,gap
1818,widely
1819,minimum
1820,northern
1821,estate
1822,equally
1823,expose
1824,alive
1825,shut
1826,victory
1827,resolve
1828,critic
1829,variable
1830,enormous
1831,sweet
1832,permanent
1833,emotion
1834,pursue
1835,tall
1836,urge
1837,enemy
1838,appoint
1839,milk
1840,talent
1841,smell
1842,prior
1843,priority
1844,online
1845,phrase
1846,pilot
1847,stable
1848,merely
1849,resolution
1850,communicate
1851,injury
1852,vast
1853,exhibition
1854,producer
1855,regional
1856,immediate
1857,incident
1858,childhood
1859,draft
1860,slip
1861,accompany
1862,politician
1863,angry
1864,knock
1865,seed
1866,salary
1867,illustrate
1868,imply
1869,breakfast
1870,temporary
1871,liberal
1872,lake
1873,qualify
1874,competitive
1875,truly
1876,hi
1877,yellow
1878,habit
1879,disk
1880,core
1881,emotional
1882,aircraft
1883,self
1884,metal
1885,existence
1886,bone
1887,panel
1888,prime
1889,appointment
1890,emphasize
1891,maximum
1892,effectively
1893,elsewhere
1894,bother
1895,initiative
1896,sharp
1897,diet
1898,motion
1899,gray
1900,plastic
1901,complicate
1902,discipline
1903,disappoint
1904,boss
1905,assumption
1906,freeze
1907,extreme
1908,passage
1909,reputation
1910,forth
1911,negotiation
1912,mechanism
1913,coat
1914,democracy
1915,pocket
1916,lucky
1917,crash
1918,observation
1919,meat
1920,concentration
1921,implication
1922,deserve
1923,unusual
1924,defend
1925,classic
1926,king
1927,interaction
1928,repair
1929,collapse
1930,borrow
1931,fundamental
1932,dish
1933,abroad
1934,soul
1935,capable
1936,defeat
1937,presidential
1938,perfectly
1939,enhance
1940,proud
1941,emergency
1942,educational
1943,distinguish
1944,substantial
1945,nearby
1946,manufacturer
1947,slide
1948,valuable
1949,personally
1950,breast
1951,cope
1952,approximately
1953,accommodation
1954,highlight
1955,reporter
1956,climate
1957,shirt
1958,exception
1959,corporation
1960,chip
1961,winner
1962,encounter
1963,brown
1964,breathe
1965,excuse
1966,partly
1967,tennis
1968,urban
1969,confuse
1970,southern
1971,output
1972,beauty
1973,massive
1974,install
1975,calculate
1976,mouse
1977,mathematics
1978,upper
1979,creation
1980,occupy
1981,outline
1982,sufficient
1983,update
1984,luck
1985,preserve
1986,split
1987,swing
1988,illness
1989,journalist
1990,sudden
1991,advertisement
1992,consistent
1993,originally
1994,aside
1995,comfort
1996,secondly
1997,severe
1998,gene
1999,prospect
2000,snow
2001,plot
2002,neck
2003,criteria
2004,primarily
2005,integrate
2006,criticism
2007,convention
2008,bet
2009,retain
2010,sequence
2011,plain
2012,volunteer
2013,rural
2014,calm
2015,abandon
2016,examination
2017,silence
2018,rapidly
2019,efficient
2020,revolution
2021,delight
2022,spell
2023,premise
2024,lean
2025,dramatic
2026,differ
2027,grateful
2028,protein
2029,bike
2030,distribute
2031,intellectual
2032,derive
2033,crucial
2034,unemployment
2035,wheel
2036,crop
2037,minority
2038,origin
2039,interpretation
2040,gentleman
2041,drama
2042,landscape
2043,educate
2044,toy
2045,fault
2046,exhibit
2047,minor
2048,hunt
2049,storm
2050,thick
2051,achievement
2052,negotiate
2053,dominate
2054,supplier
2055,prize
2056,typically
2057,peer
2058,pension
2059,wing
2060,acquisition
2061,laughter
2062,deeply
2063,recognition
2064,electricity
2065,assistance
2066,roof
2067,retirement
2068,respectively
2069,variation
2070,ultimately
2071,proof
2072,soil
2073,smart
2074,layer
2075,upset
2076,tooth
2077,representation
2078,preparation
2079,dispute
2080,agenda
2081,emphasis
2082,edition
2083,silver
2084,entertainment
2085,honest
2086,undertake
2087,retail
2088,wire
2089,unlikely
2090,gay
2091,publication
2092,slight
2093,unknown
2094,framework
2095,zone
2096,restrict
2097,trace
2098,inch
2099,equivalent
2100,solid
2101,enterprise
2102,elderly
2103,owe
2104,governor
2105,uniform
2106,port
2107,pitch
2108,arrival
2109,contemporary
2110,gate
2111,ease
2112,beer
2113,specialist
2114,assure
2115,profile
2116,mood
2117,episode
2118,crack
2119,numerous
2120,submit
2121,symptom
2122,virtually
2123,era
2124,coverage
2125,tension
2126,cable
2127,sensitive
2128,nervous
2129,input
2130,isolate
2131,prisoner
2132,eliminate
2133,tight
2134,wet
2135,secondary
2136,welfare
2137,recruit
2138,exclude
2139,string
2140,cloud
2141,persuade
2142,inspire
2143,grand
2144,hence
2145,crew
2146,phenomenon
2147,pupil
2148,FALSE
2149,assist
2150,restore
2151,formula
2152,alter
2153,perceive
2154,routine
2155,sink
2156,stare
2157,anymore
2158,hero
2159,supporter
2160,convert
2161,steady
2162,meter
2163,truck
2164,nose
2165,beside
2166,sail
2167,disaster
2168,pace
2169,heavily
2170,devote
2171,terrorist
2172,justify
2173,vital
2174,fascinate
2175,external
2176,spare
2177,whenever
2178,depression
2179,guilty
2180,underlie
2181,mom
2182,distinction
2183,satisfaction
2184,incorporate
2185,pour
2186,sweep
2187,obligation
2188,sir
2189,evaluate
2190,anger
2191,pub
2192,perception
2193,naturally
2194,currency
2195,database
2196,initially
2197,territory
2198,stream
2199,rarely
2200,height
2201,apparent
2202,western
2203,expansion
2204,constantly
2205,muscle
2206,scare
2207,badly
2208,everyday
2209,boundary
2210,ratio
2211,essay
2212,scream
2213,withdraw
2214,pollution
2215,disorder
2216,furniture
2217,symbol
2218,apartment
2219,demonstration
2220,analyst
2221,platform
2222,steel
2223,cake
2224,transform
2225,wound
2226,restriction
2227,foundation
2228,designer
2229,strain
2230,innovation
2231,album
2232,singer
2233,trail
2234,trap
2235,loose
2236,extension
2237,wealth
2238,gradually
2239,tank
2240,evil
2241,remarkable
2242,tune
2243,grass
2244,invitation
2245,transition
2246,frighten
2247,bid
2248,breed
2249,extraordinary
2250,brilliant
2251,adviser
2252,stem
2253,reverse
2254,mode
2255,mirror
2256,awful
2257,pose
2258,adjust
2259,creative
2260,nowadays
2261,poem
2262,agricultural
2263,competitor
2264,alcohol
2265,festival
2266,vegetable
2267,van
2268,confident
2269,planet
2270,curve
2271,knee
2272,overcome
2273,web
2274,depth
2275,entrance
2276,log
2277,giant
2278,god
2279,portion
2280,substance
2281,extensive
2282,interpret
2283,independence
2284,sugar
2285,inner
2286,harm
2287,consult
2288,pink
2289,shadow
2290,strip
2291,smooth
2292,intervention
2293,impress
2294,exam
2295,vice
2296,radical
2297,similarly
2298,behave
2299,loud
2300,dimension
2301,subsequent
2302,infection
2303,jacket
2304,efficiency
2305,dirty
2306,statistic
2307,regularly
2308,resort
2309,iron
2310,broadcast
2311,membership
2312,bread
2313,blind
2314,pure
2315,bloody
2316,ally
2317,quantity
2318,bend
2319,mature
2320,briefly
2321,alarm
2322,disturb
2323,sustain
2324,flood
2325,poverty
2326,crazy
2327,cite
2328,newly
2329,parallel
2330,gender
2331,sponsor
2332,boot
2333,accurate
2334,dealer
2335,button
2336,burden
2337,desert
2338,mate
2339,occasionally
2340,shareholder
2341,bowl
2342,discovery
2343,resistance
2344,bath
2345,frequency
2346,criticize
2347,tap
2348,philosophy
2349,lip
2350,attribute
2351,apologize
2352,approval
2353,grab
2354,entitle
2355,lend
2356,involvement
2357,exposure
2358,conventional
2359,digital
2360,translate
2361,edit
2362,formation
2363,deposit
2364,pleasant
2365,overseas
2366,advocate
2367,establishment
2368,summary
2369,rough
2370,pen
2371,recovery
2372,seal
2373,tube
2374,tower
2375,characterize
2376,specify
2377,exact
2378,spin
2379,operator
2380,infant
2381,dig
2382,drag
2383,mount
2384,wrap
2385,anticipate
2386,dependent
2387,specialize
2388,angle
2389,chicken
2390,anxiety
2391,virus
2392,precisely
2393,rival
2394,offense
2395,detect
2396,teenager
2397,admire
2398,moderate
2399,surgery
2400,musician
2401,significance
2402,shower
2403,illegal
2404,charity
2405,universal
2406,cigarette
2407,constitute
2408,adequate
2409,consultant
2410,historian
2411,cousin
2412,visual
2413,stupid
2414,keen
2415,ethnic
2416,twin
2417,clinical
2418,eastern
2419,forecast
2420,segment
2421,custom
2422,adapt
2423,sand
2424,cap
2425,prompt
2426,charm
2427,react
2428,lecture
2429,venture
2430,compound
2431,rescue
2432,mess
2433,preference
2434,comprehensive
2435,incentive
2436,league
2437,dialog
2438,cream
2439,rapid
2440,cancel
2441,regret
2442,dismiss
2443,margin
2444,beneath
2445,opponent
2446,resist
2447,capability
2448,absolute
2449,correspond
2450,stroke
2451,dare
2452,barrier
2453,rid
2454,divorce
2455,ruin
2456,bury
2457,counsel
2458,tendency
2459,frequent
2460,motor
2461,survival
2462,counter
2463,possess
2464,permission
2465,valley
2466,float
2467,mad
2468,greatly
2469,visible
2470,electric
2471,impressive
2472,evolution
2473,awareness
2474,violent
2475,slave
2476,wealthy
2477,architecture
2478,acceptable
2479,journal
2480,coal
2481,measurement
2482,random
2483,successfully
2484,depress
2485,illustration
2486,burst
2487,privilege
2488,buyer
2489,mutual
2490,rail
2491,motivate
2492,laboratory
2493,mortgage
2494,promotion
2495,passion
2496,champion
2497,fulfill
2498,dust
2499,dedicate
2500,roughly
2501,skirt
2502,province
2503,march
2504,evaluation
2505,compromise
2506,accomplish
2507,weakness
2508,announcement
2509,salt
2510,glance
2511,opera
2512,contest
2513,brush
2514,embarrass
2515,gallery
2516,genetic
2517,aggressive
2518,chest
2519,format
2520,literary
2521,govern
2522,embrace
2523,praise
2524,silent
2525,pump
2526,publisher
2527,celebration
2528,golf
2529,compensation
2530,classical
2531,weigh
2532,versus
2533,deficit
2534,modify
2535,flash
2536,friendship
2537,profession
2538,literally
2539,equation
2540,gesture
2541,entertain
2542,fantastic
2543,assign
2544,inflation
2545,historic
2546,injure
2547,remote
2548,therapy
2549,orange
2550,twist
2551,personnel
2552,imagination
2553,disagree
2554,throat
2555,insight
2556,tackle
2557,forever
2558,exceed
2559,expenditure
2560,joy
2561,pregnant
2562,reliable
2563,gear
2564,click
2565,poet
2566,fortune
2567,ceremony
2568,pile
2569,pig
2570,mixture
2571,automatically
2572,scholar
2573,psychological
2574,dramatically
2575,stake
2576,creature
2577,partnership
2578,participation
2579,clause
2580,penalty
2581,chamber
2582,fancy
2583,poetry
2584,chat
2585,clothing
2586,evolve
2587,sake
2588,shelf
2589,boost
2590,tail
2591,possession
2592,abortion
2593,curious
2594,wooden
2595,boom
2596,tale
2597,democratic
2598,maintenance
2599,consequently
2600,pot
2601,cow
2602,strengthen
2603,whilst
2604,constraint
2605,fold
2606,bin
2607,undergo
2608,potentially
2609,scope
2610,pretend
2611,diversity
2612,allege
2613,pride
2614,intense
2615,inquiry
2616,resign
2617,craft
2618,strict
2619,concrete
2620,shell
2621,damn
2622,distinct
2623,humor
2624,limitation
2625,indication
2626,stability
2627,wise
2628,neglect
2629,compose
2630,jail
2631,shelter
2632,mere
2633,carbon
2634,regulate
2635,cheese
2636,trigger
2637,pipe
2638,destruction
2639,guitar
2640,flag
2641,piano
2642,magic
2643,mystery
2644,ski
2645,whisper
2646,rear
2647,menu
2648,species
2649,moon
2650,presumably
2651,bless
2652,airline
2653,amendment
2654,grandmother
2655,jury
2656,cooperation
2657,civilian
2658,composition
2659,coin
2660,regardless
2661,scan
2662,bunch
2663,racial
2664,greet
2665,hopefully
2666,sanction
2667,trick
2668,paragraph
2669,maker
2670,chocolate
2671,stimulate
2672,belt
2673,potato
2674,narrative
2675,tissue
2676,barely
2677,invent
2678,tourism
2679,pro
2680,stair
2681,hesitate
2682,shine
2683,motivation
2684,romantic
2685,firmly
2686,interior
2687,stomach
2688,nowhere
2689,pray
2690,championship
2691,servant
2692,immigrant
2693,excess
2694,complexity
2695,liability
2696,surprisingly
2697,extract
2698,implementation
2699,bias
2700,differently
2701,catalog
2702,continuous
2703,golden
2704,stamp
2705,guideline
2706,envelope
2707,knife
2708,biological
2709,consume
2710,luxury
2711,weekly
2712,wherever
2713,bite
2714,printer
2715,firstly
2716,anxious
2717,adventure
2718,fence
2719,exhaust
2720,attraction
2721,ocean
2722,quietly
2723,castle
2724,veteran
2725,reflection
2726,nerve
2727,determination
2728,altogether
2729,fiction
2730,carpet
2731,cluster
2732,confusion
2733,hurry
2734,logic
2735,controversial
2736,raw
2737,grammar
2738,revise
2739,hint
2740,hook
2741,bell
2742,liquid
2743,panic
2744,uncle
2745,rice
2746,slope
2747,happiness
2748,genuine
2749,vessel
2750,verb
2751,reckon
2752,silly
2753,transportation
2754,harbor
2755,comedy
2756,chase
2757,storage
2758,universe
2759,horrible
2760,sheep
2761,lover
2762,rat
2763,portrait
2764,innocent
2765,substitute
2766,supplement
2767,adjustment
2768,reasonably
2769,filter
2770,flexible
2771,abstract
2772,tent
2773,precise
2774,distant
2775,stranger
2776,shade
2777,grain
2778,situate
2779,summarize
2780,leap
2781,snap
2782,probability
2783,leather
2784,uncertainty
2785,swear
2786,refugee
2787,shore
2788,monthly
2789,comprise
2790,stir
2791,excitement
2792,sigh
2793,pregnancy
2794,experimental
2795,institutional
2796,slice
2797,wander
2798,empire
2799,subsequently
2800,gentle
2801,attendance
2802,ownership
2803,qualification
2804,suspend
2805,functional
2806,voluntary
2807,pale
2808,stain
2809,athlete
2810,organic
2811,tongue
2812,server
2813,structural
2814,website
2815,fool
2816,alongside
2817,unite
2818,gently
2819,compute
2820,wipe
2821,weird
2822,gaze
2823,fade
2824,cough
2825,hypothesis
2826,royal
2827,theoretical
2828,curtain
2829,mayor
2830,darkness
2831,aunt
2832,tournament
2833,registration
2834,fragment
2835,listener
2836,immigration
2837,tender
2838,density
2839,ugly
2840,module
2841,faithfully
2842,autumn
2843,cheek
2844,attachment
2845,holder
2846,solar
2847,grin
2848,rose
2849,noun
2850,fortunate
2851,alright
2852,lazy
2853,hello
2854,hunger
2855,insure
2856,ashamed
2857,founded
2858,blog
2859,thirst
2860,authority
2861,publish
2862,aspect
2863,client
2864,impact
2865,obtain
2866,repertoire
2867,distribution
2868,birthday
2869,airport
2870,afterward
2871,essentially
2872,classroom
2873,regime
2874,cinema
2875,countryside
2876,fax
2877,acid
2878,transaction
2879,disadvantage
2880,dynamic
2881,behalf
2882,strategic
2883,sincerely
2884,café
2885,railway
2886,shortly
2887,contrary
2888,bathroom
2889,mid
2890,turnover
2891,graph
2892,diary
2893,hey
2894,jazz
2895,worldwide
2896,baseball
2897,basketball
2898,amongst
2899,sophisticate
2900,attorney
2901,spite
2902,outstanding
2903,confront
2904,translation
2905,bicycle
2906,headquarter
2907,suicide
2908,portfolio
2909,convenient
2910,jeans
2911,reception
2912,workshop
2913,occupation
2914,underground
2915,mum
2916,consumption
2917,absorb
2918,fuck
2919,domain
2920,embryo
2921,traveler
2922,leisure
2923,script
2924,overwhelm
2925,lifestyle
2926,nod
2927,spokesman
2928,tremendous
2929,exit
2930,curriculum
2931,productivity
2932,satellite
2933,departure
2934,superior
2935,assembly
2936,incredible
2937,supermarket
2938,assault
2939,upward
2940,prominent
2941,vacation
2942,lifetime
2943,ultimate
2944,senator
2945,pencil
2946,merger
2947,delegate
2948,missile
2949,utility
2950,sacrifice
2951,exploit
2952,seminar
2953,priest
2954,considerably
2955,trousers
2956,sharply
2957,widespread
2958,emission
2959,organizational
2960,integration
2961,echo
2962,founder
2963,grip
2964,certificate
2965,spiritual
2966,bargain
2967,shame
2968,shed
2969,infrastructure
2970,carrier
2971,desperate
2972,brick
2973,dominant
2974,cure
2975,par
2976,admission
2977,recession
2978,dose
2979,execute
2980,frustrate
2981,conscious
2982,prayer
2983,prescribe
2984,junior
2985,consent
2986,vocabulary
2987,administrative
2988,rally
2989,enthusiasm
2990,fiscal
2991,punishment
2992,overnight
2993,drunk
2994,interval
2995,pet
2996,replacement
2997,scenario
2998,conviction
2999,outlet
3000,architect
3001,controversy
3002,provider
3003,dump
3004,compel
3005,horror
3006,combat
3007,relieve
3008,feedback
3009,render
3010,ceiling
3011,publicity
3012,decent
3013,equity
3014,puzzle
3015,grave
3016,overlook
3017,mask
3018,summit
3019,unexpected
3020,circuit
3021,steam
3022,ongoing
3023,intelligent
3024,classify
3025,correctly
3026,disable
3027,inspection
3028,girlfriend
3029,accent
3030,economist
3031,scatter
3032,modest
3033,seize
3034,transformation
3035,heaven
3036,vulnerable
3037,clever
3038,zoo
3039,scandal
3040,terrorism
3041,battery
3042,captain
3043,organ
3044,toilet
3045,forgive
3046,republican
3047,physically
3048,treaty
3049,rumor
3050,fate
3051,lane
3052,resume
3053,distress
3054,diverse
3055,alliance
3056,guidance
3057,ambition
3058,flee
3059,campus
3060,bay
3061,clue
3062,evident
3063,constitutional
3064,quit
3065,virtue
3066,technological
3067,commonly
3068,boyfriend
3069,observer
3070,destination
3071,electrical
3072,drill
3073,headline
3074,apple
3075,deputy
3076,entity
3077,parliament
3078,facilitate
3079,agriculture
3080,beam
3081,commander
3082,ton
3083,patch
3084,instant
3085,anniversary
3086,cattle
3087,fortunately
3088,cheer
3089,residential
3090,lease
3091,induce
3092,rape
3093,premium
3094,peaceful
3095,testimony
3096,indicator
3097,annoy
3098,fare
3099,necessity
3100,calculation
3101,drain
3102,audit
3103,convey
3104,policeman
3105,renew
3106,sandwich
3107,upstairs
3108,dive
3109,consensus
3110,acceptance
3111,productive
3112,terror
3113,assignment
3114,cotton
3115,gross
3116,boil
3117,juice
3118,unhappy
3119,urgent
3120,tragedy
3121,pie
3122,ex
3123,painful
3124,reinforce
3125,defendant
3126,dine
3127,identification
3128,duck
3129,backward
3130,lobby
3131,enforce
3132,tobacco
3133,occasional
3134,specially
3135,identical
3136,funeral
3137,pin
3138,reservation
3139,inevitable
3140,clinic
3141,sin
3142,stall
3143,actress
3144,valid
3145,rabbit
3146,automatic
3147,bonus
3148,pit
3149,gang
3150,rebuild
3151,foster
3152,collective
3153,rebel
3154,hip
3155,cabinet
3156,jet
3157,oblige
3158,generous
3159,proposition
3160,recycle
3161,parameter
3162,palace
3163,beg
3164,terminal
3165,sole
3166,interrupt
3167,fiber
3168,outdoor
3169,precede
3170,equip
3171,prevail
3172,intent
3173,drift
3174,expertise
3175,grandfather
3176,alert
3177,publicly
3178,treasure
3179,steadily
3180,decorate
3181,prediction
3182,squeeze
3183,editorial
3184,carve
3185,communist
3186,elite
3187,courage
3188,hungry
3189,inspector
3190,confine
3191,hardware
3192,cottage
3193,celebrity
3194,jam
3195,stimulus
3196,thereby
3197,cloth
3198,physician
3199,withdrawal
3200,mill
3201,elaborate
3202,composer
3203,coalition
3204,signature
3205,bat
3206,bitter
3207,accessible
3208,cease
3209,beneficial
3210,highway
3211,garage
3212,explosion
3213,manual
3214,merit
3215,activist
3216,particle
3217,initiate
3218,precious
3219,politically
3220,sperm
3221,raid
3222,convict
3223,queue
3224,logical
3225,dictionary
3226,asleep
3227,clip
3228,invasion
3229,exclusive
3230,fluid
3231,bow
3232,torture
3233,discrimination
3234,stun
3235,coordinate
3236,sensible
3237,fabric
3238,bare
3239,unfair
3240,flexibility
3241,spectrum
3242,soccer
3243,flame
3244,fitness
3245,installation
3246,monument
3247,engagement
3248,flavor
3249,lung
3250,suburb
3251,lab
3252,ingredient
3253,lamp
3254,dot
3255,pioneer
3256,corn
3257,grasp
3258,fame
3259,rhythm
3260,enclose
3261,condemn
3262,thrill
3263,investigator
3264,melt
3265,ritual
3266,namely
3267,realistic
3268,absent
3269,rubber
3270,traditionally
3271,viewer
3272,administer
3273,intensity
3274,enforcement
3275,pronounce
3276,wisdom
3277,inevitably
3278,eager
3279,bye
3280,simultaneously
3281,interact
3282,acre
3283,blank
3284,tense
3285,scratch
3286,upgrade
3287,pant
3288,halt
3289,strictly
3290,privacy
3291,tunnel
3292,shortage
3293,rage
3294,popularity
3295,endure
3296,assert
3297,unnecessary
3298,serial
3299,objection
3300,span
3301,execution
3302,crush
3303,continent
3304,civilization
3305,bench
3306,nail
3307,undermine
3308,steep
3309,airplane
3310,comply
3311,heal
3312,thoroughly
3313,allegation
3314,fantasy
3315,kilometer
3316,neat
3317,swallow
3318,authorize
3319,amuse
3320,fraction
3321,downtown
3322,effectiveness
3323,ethics
3324,insert
3325,butter
3326,performer
3327,organizer
3328,tempt
3329,assemble
3330,availability
3331,spoil
3332,faculty
3333,depict
3334,sunny
3335,medieval
3336,nightmare
3337,retailer
3338,clarify
3339,accommodate
3340,diagnosis
3341,colony
3342,deadline
3343,motive
3344,mineral
3345,blast
3346,readily
3347,fighter
3348,correspondence
3349,charter
3350,companion
3351,tribe
3352,cruel
3353,sympathy
3354,statistical
3355,lively
3356,disability
3357,uncomfortable
3358,venue
3359,separation
3360,punch
3361,merchant
3362,teen
3363,infect
3364,endorse
3365,mild
3366,ballot
3367,soap
3368,minimize
3369,informal
3370,plug
3371,punish
3372,artificial
3373,poison
3374,violate
3375,strand
3376,surge
3377,midnight
3378,adolescent
3379,crown
3380,faint
3381,scholarship
3382,discourse
3383,sweat
3384,purely
3385,partial
3386,legitimate
3387,bound
3388,parish
3389,marvelous
3390,diminish
3391,comic
3392,norm
3393,query
3394,duration
3395,constitution
3396,loyalty
3397,elegant
3398,sue
3399,congressional
3400,homework
3401,horizon
3402,allocate
3403,rational
3404,nest
3405,resemble
3406,deliberately
3407,unemployed
3408,bean
3409,consistently
3410,medal
3411,psychology
3412,corruption
3413,residence
3414,plead
3415,probe
3416,harvest
3417,outer
3418,recipe
3419,killer
3420,retreat
3421,oxygen
3422,cognitive
3423,dawn
3424,subtle
3425,merge
3426,corridor
3427,diplomatic
3428,accordingly
3429,democrat
3430,salad
3431,liberty
3432,slot
3433,legend
3434,interface
3435,humanity
3436,comparable
3437,laser
3438,photographer
3439,businessman
3440,removal
3441,hedge
3442,ridiculous
3443,await
3444,linguistic
3445,harsh
3446,contractor
3447,cruise
3448,developer
3449,naked
3450,invention
3451,apology
3452,notebook
3453,preliminary
3454,similarity
3455,undoubtedly
3456,designate
3457,offensive
3458,nomination
3459,bulk
3460,obstacle
3461,pledge
3462,reluctant
3463,temple
3464,whale
3465,documentary
3466,brave
3467,violation
3468,survivor
3469,suck
3470,mall
3471,rub
3472,lonely
3473,correspondent
3474,poster
3475,drum
3476,conversion
3477,suspicion
3478,myth
3479,cater
3480,pursuit
3481,ghost
3482,pole
3483,profitable
3484,heel
3485,descend
3486,separately
3487,lately
3488,casual
3489,discharge
3490,inherit
3491,seller
3492,rope
3493,tag
3494,swell
3495,importantly
3496,screw
3497,basket
3498,processor
3499,explode
3500,spectacular
3501,trainer
3502,grace
3503,fig
3504,beef
3505,intrigue
3506,dull
3507,helicopter
3508,fraud
3509,robot
3510,correlation
3511,delicious
3512,manuscript
3513,confess
3514,appreciation
3515,tactic
3516,costume
3517,transmit
3518,warrant
3519,spy
3520,tomato
3521,cop
3522,molecule
3523,shy
3524,bacteria
3525,deck
3526,sufficiently
3527,stack
3528,frustration
3529,sculpture
3530,devastate
3531,nasty
3532,explicit
3533,regulatory
3534,dividend
3535,revolutionary
3536,projection
3537,frankly
3538,essence
3539,sensitivity
3540,spray
3541,triumph
3542,usage
3543,bang
3544,ambitious
3545,sheer
3546,officially
3547,forbid
3548,bullet
3549,legacy
3550,workplace
3551,progressive
3552,ward
3553,mislead
3554,breakdown
3555,consciousness
3556,influential
3557,hobby
3558,youngster
3559,pad
3560,tenant
3561,recruitment
3562,insect
3563,underneath
3564,integrity
3565,painter
3566,elder
3567,astonish
3568,interfere
3569,steer
3570,surplus
3571,enquiry
3572,practically
3573,leak
3574,petrol
3575,sack
3576,pity
3577,bundle
3578,accuracy
3579,fur
3580,innovative
3581,caution
3582,whoever
3583,accelerate
3584,adoption
3585,prevention
3586,oral
3587,dip
3588,patent
3589,exploration
3590,diagram
3591,defect
3592,honestly
3593,bubble
3594,portray
3595,cave
3596,thread
3597,handsome
3598,bake
3599,depart
3600,handful
3601,repeatedly
3602,machinery
3603,barrel
3604,broker
3605,con
3606,array
3607,unfortunate
3608,notably
3609,wow
3610,vendor
3611,remedy
3612,toss
3613,stance
3614,nut
3615,radiation
3616,provoke
3617,needle
3618,competence
3619,reliability
3620,kit
3621,isolation
3622,balloon
3623,lad
3624,medication
3625,counterpart
3626,eligible
3627,defensive
3628,exclusively
3629,happily
3630,deem
3631,conservation
3632,mainstream
3633,sometime
3634,favorable
3635,spark
3636,gym
3637,injection
3638,freely
3639,formerly
3640,tin
3641,optimistic
3642,specification
3643,tide
3644,terrify
3645,thrust
3646,wheat
3647,bull
3648,vertical
3649,riot
3650,incredibly
3651,disappointment
3652,cabin
3653,flesh
3654,safely
3655,donor
3656,intervene
3657,bounce
3658,tonne
3659,detective
3660,tropical
3661,widow
3662,sketch
3663,profound
3664,transmission
3665,meaningful
3666,rubbish
3667,trader
3668,substantially
3669,incline
3670,dislike
3671,clash
3672,uncertain
3673,chop
3674,artistic
3675,crystal
3676,commodity
3677,elephant
3678,prejudice
3679,virtual
3680,vaccine
3681,verse
3682,breach
3683,inventory
3684,allowance
3685,entrepreneur
3686,questionnaire
3687,actively
3688,testify
3689,foreigner
3690,terribly
3691,boast
3692,hug
3693,blend
3694,gut
3695,mentally
3696,meantime
3697,worthy
3698,grandparent
3699,bush
3700,yell
3701,consultation
3702,pizza
3703,calendar
3704,blanket
3705,institute
3706,auction
3707,confirmation
3708,desperately
3709,bold
3710,genre
3711,receiver
3712,legislative
3713,mandate
3714,mud
3715,republic
3716,graphics
3717,mortality
3718,endless
3719,magnificent
3720,overhead
3721,formally
3722,polish
3723,verbal
3724,suite
3725,ideology
3726,cathedral
3727,practitioner
3728,oven
3729,satisfactory
3730,minimal
3731,goodness
3732,palm
3733,speculation
3734,loop
3735,allocation
3736,drawer
3737,completion
3738,mechanical
3739,sadly
3740,straightforward
3741,spill
3742,chemistry
3743,learner
3744,fry
3745,obscure
3746,default
3747,chill
3748,respondent
3749,cage
3750,powder
3751,prescription
3752,soup
3753,alien
3754,colorful
3755,ma
3756,neutral
3757,mold
3758,historically
3759,landlord
3760,candle
3761,alike
3762,administrator
3763,compensate
3764,hike
3765,broaden
3766,accumulate
3767,glory
3768,distinctive
3769,plunge
3770,marker
3771,utilize
3772,indoor
3773,tick
3774,surgeon
3775,desirable
3776,pulse
3777,cliff
3778,instruct
3779,disgust
3780,inspiration
3781,plaintiff
3782,intimate
3783,worship
3784,solely
3785,compliance
3786,ambassador
3787,offend
3788,homeless
3789,glow
3790,inhabitant
3791,embed
3792,bleed
3793,superb
3794,hostile
3795,ruler
3796,leaf
3797,partially
3798,opt
3799,inadequate
3800,guilt
3801,fleet
3802,solicitor
3803,aggregate
3804,clerk
3805,thesis
3806,reassure
3807,patience
3808,monkey
3809,rip
3810,hammer
3811,lesser
3812,statue
3813,activate
3814,glove
3815,conceive
3816,lion
3817,resignation
3818,temper
3819,intensive
3820,overlap
3821,leaflet
3822,delicate
3823,manipulate
3824,devise
3825,skip
3826,diamond
3827,pan
3828,orientation
3829,equality
3830,developmental
3831,articulate
3832,persist
3833,ethical
3834,dash
3835,goodbye
3836,weave
3837,locally
3838,pill
3839,presume
3840,silk
3841,parade
3842,parental
3843,debut
3844,soar
3845,peasant
3846,lap
3847,knit
3848,suspension
3849,convenience
3850,lawn
3851,nominate
3852,shrink
3853,stadium
3854,excessive
3855,chronic
3856,operational
3857,flip
3858,sensation
3859,whip
3860,receipt
3861,insult
3862,donate
3863,organism
3864,weaken
3865,assurance
3866,acute
3867,unity
3868,queen
3869,tumor
3870,terrace
3871,lord
3872,protective
3873,trait
3874,disco
3875,miracle
3876,misunderstand
3877,exotic
3878,collaboration
3879,glimpse
3880,enthusiastic
3881,surf
3882,enjoyable
3883,willingness
3884,monster
3885,compact
3886,rocket
3887,vanish
3888,smash
3889,casualty
3890,chaos
3891,commentary
3892,toe
3893,picnic
3894,configuration
3895,junction
3896,modification
3897,loyal
3898,taxpayer
3899,sentiment
3900,instinct
3901,furnish
3902,prosecution
3903,affection
3904,subsidy
3905,sock
3906,downstairs
3907,disclose
3908,parliamentary
3909,fierce
3910,fond
3911,sauce
3912,conceal
3913,snack
3914,honey
3915,chef
3916,container
3917,lodge
3918,patrol
3919,prohibit
3920,recipient
3921,dirt
3922,successor
3923,likelihood
3924,tribute
3925,conception
3926,delegation
3927,heritage
3928,severely
3929,demographic
3930,bee
3931,trim
3932,biology
3933,suppress
3934,carriage
3935,metaphor
3936,audio
3937,cricket
3938,awake
3939,lens
3940,surrender
3941,penetrate
3942,expedition
3943,instantly
3944,keyboard
3945,haunt
3946,closure
3947,dwell
3948,originate
3949,dilemma
3950,colonial
3951,diagnose
3952,invade
3953,accurately
3954,stereotype
3955,revive
3956,timber
3957,useless
3958,polite
3959,sympathetic
3960,specialty
3961,positively
3962,purple
3963,constituency
3964,amend
3965,dancer
3966,threshold
3967,concede
3968,caption
3969,creep
3970,systematic
3971,exaggerate
3972,tile
3973,prosecutor
3974,inject
3975,scary
3976,discourage
3977,governance
3978,intact
3979,shit
3980,cooperate
3981,widen
3982,likewise
3983,liver
3984,accountant
3985,postpone
3986,outfit
3987,bug
3988,dignity
3989,biography
3990,headache
3991,brochure
3992,hormone
3993,slim
3994,thumb
3995,constituent
3996,buck
3997,grief
3998,stiff
3999,quotation
4000,romance
4001,independently
4002,subsidiary
4003,whistle
4004,cheat
4005,cute
4006,presidency
4007,super
4008,reign
4009,seemingly
4010,pond
4011,poorly
4012,noon
4013,doll
4014,brake
4015,copper
4016,individually
4017,mysterious
4018,kindly
4019,weed
4020,remarkably
4021,reproduce
4022,immune
4023,gamble
4024,hop
4025,blade
4026,sphere
4027,electoral
4028,flaw
4029,respective
4030,hybrid
4031,cartoon
4032,clay
4033,dictate
4034,nonsense
4035,nucleus
4036,teenage
4037,tighten
4038,noisy
4039,feminist
4040,marine
4041,bump
4042,disagreement
4043,exile
4044,slavery
4045,justification
4046,symbolic
4047,maturity
4048,bishop
4049,broadly
4050,adjacent
4051,specimen
4052,jewelry
4053,toast
4054,horn
4055,behavioral
4056,ancestor
4057,hierarchy
4058,donation
4059,thrive
4060,dispatch
4061,warmth
4062,electron
4063,rhetoric
4064,basement
4065,mathematical
4066,snake
4067,amateur
4068,classification
4069,arch
4070,disposal
4071,archive
4072,arrow
4073,comparative
4074,despair
4075,interim
4076,cheque
4077,workforce
4078,forthcoming
4079,deploy
4080,contemplate
4081,photography
4082,canal
4083,endeavor
4084,matrix
4085,empirical
4086,harmony
4087,socially
4088,conscience
4089,flourish
4090,cab
4091,calcium
4092,migration
4093,prolong
4094,vein
4095,correction
4096,suspicious
4097,concession
4098,warehouse
4099,hazard
4100,squad
4101,flush
4102,reminder
4103,vitamin
4104,adaptation
4105,deprive
4106,tutor
4107,lightly
4108,disclosure
4109,grid
4110,dock
4111,seldom
4112,magnetic
4113,declaration
4114,pepper
4115,monetary
4116,complement
4117,orbit
4118,crude
4119,roar
4120,amid
4121,handicap
4122,fever
4123,genius
4124,timetable
4125,aide
4126,explicitly
4127,darling
4128,nominee
4129,vague
4130,arena
4131,credibility
4132,non
4133,notable
4134,angel
4135,devil
4136,differentiate
4137,rack
4138,courtesy
4139,annually
4140,desktop
4141,curiosity
4142,applicant
4143,nursery
4144,prop
4145,refine
4146,sofa
4147,psychologist
4148,tolerate
4149,rider
4150,noble
4151,judicial
4152,rap
4153,ministry
4154,wildlife
4155,tightly
4156,conceptual
4157,awkward
4158,costly
4159,omit
4160,bureau
4161,lawsuit
4162,fork
4163,lump
4164,fake
4165,restructure
4166,anonymous
4167,contributor
4168,limb
4169,drown
4170,anchor
4171,tray
4172,legally
4173,icon
4174,autonomy
4175,jurisdiction
4176,textile
4177,slam
4178,legislature
4179,inappropriate
4180,thou
4181,chap
4182,holy
4183,collector
4184,membrane
4185,explosive
4186,doctrine
4187,realm
4188,definite
4189,invisible
4190,accordance
4191,curl
4192,elementary
4193,overview
4194,pharmaceutical
4195,dense
4196,prospective
4197,commentator
4198,dial
4199,dissolve
4200,tragic
4201,microphone
4202,bark
4203,thief
4204,penny
4205,magnitude
4206,adverse
4207,predecessor
4208,contend
4209,lounge
4210,plea
4211,sustainable
4212,diameter
4213,coup
4214,ideological
4215,worm
4216,exceptional
4217,openly
4218,rejection
4219,enroll
4220,collar
4221,fetch
4222,thereafter
4223,tuition
4224,circulate
4225,shallow
4226,semantic
4227,applicable
4228,strive
4229,appall
4230,startle
4231,suitcase
4232,inspect
4233,efficiently
4234,spouse
4235,stumble
4236,playground
4237,indirect
4238,peculiar
4239,refusal
4240,emergence
4241,supervisor
4242,aggression
4243,supervise
4244,fatal
4245,warranty
4246,curse
4247,circulation
4248,maximize
4249,haul
4250,miserable
4251,layout
4252,memo
4253,competent
4254,elbow
4255,coastal
4256,ferry
4257,privately
4258,damp
4259,utterly
4260,lyric
4261,earthquake
4262,vocal
4263,hostility
4264,deaf
4265,shield
4266,worthwhile
4267,occurrence
4268,splendid
4269,realization
4270,cart
4271,summon
4272,accountability
4273,compile
4274,orchestra
4275,marble
4276,diabetes
4277,momentum
4278,distract
4279,petition
4280,utter
4281,bass
4282,token
4283,towel
4284,solo
4285,unpleasant
4286,stride
4287,fluctuation
4288,runner
4289,prince
4290,simplify
4291,syndrome
4292,complication
4293,supposedly
4294,molecular
4295,ladder
4296,marginal
4297,succession
4298,philosophical
4299,beautifully
4300,outsider
4301,scrap
4302,goat
4303,statute
4304,offset
4305,translator
4306,toll
4307,wholly
4308,stroll
4309,shrug
4310,aboard
4311,forum
4312,capitalism
4313,tidy
4314,auto
4315,deadly
4316,interactive
4317,tolerance
4318,habitat
4319,supportive
4320,texture
4321,commerce
4322,elevate
4323,sailor
4324,cultivate
4325,grind
4326,deliberate
4327,viable
4328,bolt
4329,maternal
4330,linear
4331,uncover
4332,halfway
4333,banker
4334,continually
4335,bizarre
4336,atom
4337,relevance
4338,socialist
4339,unfold
4340,racism
4341,scramble
4342,impulse
4343,reportedly
4344,outrage
4345,pardon
4346,straw
4347,inclusion
4348,thorough
4349,citizenship
4350,toxic
4351,packet
4352,regain
4353,grocery
4354,reconstruction
4355,cupboard
4356,methodology
4357,revelation
4358,geography
4359,recorder
4360,validity
4361,litter
4362,fridge
4363,manifest
4364,illusion
4365,beast
4366,globalization
4367,attain
4368,outbreak
4369,betray
4370,speculate
4371,grandchild
4372,pathway
4373,preach
4374,sew
4375,quarterly
4376,starve
4377,unify
4378,swap
4379,gravity
4380,cling
4381,slap
4382,irony
4383,kingdom
4384,restoration
4385,affiliate
4386,terrific
4387,incidence
4388,buzz
4389,rental
4390,shatter
4391,batter
4392,olive
4393,irritate
4394,passport
4395,dependence
4396,cue
4397,decoration
4398,terminate
4399,ash
4400,athletic
4401,rude
4402,corrupt
4403,continuity
4404,follower
4405,economically
4406,sleeve
4407,remainder
4408,ink
4409,mechanic
4410,refresh
4411,oversee
4412,immense
4413,mock
4414,creativity
4415,conspiracy
4416,sacred
4417,horizontal
4418,ray
4419,builder
4420,trunk
4421,crawl
4422,sword
4423,certainty
4424,aesthetic
4425,additionally
4426,id
4427,inherent
4428,soak
4429,financially
4430,erect
4431,pipeline
4432,forge
4433,disturbance
4434,enlarge
4435,irrelevant
4436,contradiction
4437,orient
4438,monopoly
4439,protocol
4440,bankruptcy
4441,passive
4442,tuck
4443,primitive
4444,kidnap
4445,memorial
4446,illuminate
4447,architectural
4448,wool
4449,minus
4450,flock
4451,conjunction
4452,fist
4453,interference
4454,tease
4455,onion
4456,grill
4457,philosopher
4458,alternate
4459,hut
4460,inhibit
4461,temporarily
4462,sibling
4463,clutch
4464,junk
4465,flu
4466,evidently
4467,pavement
4468,calorie
4469,bust
4470,pine
4471,wit
4472,statutory
4473,supervision
4474,defender
4475,inability
4476,hydrogen
4477,telecommunication
4478,spur
4479,banana
4480,multiply
4481,dioxide
4482,verdict
4483,risky
4484,addict
4485,directory
4486,formulate
4487,download
4488,circular
4489,chant
4490,custody
4491,parcel
4492,coincide
4493,offspring
4494,placement
4495,antique
4496,technically
4497,dispose
4498,linger
4499,prey
4500,submission
4501,hopeful
4502,cautious
4503,brass
4504,globe
4505,marketplace
4506,loom
4507,persistent
4508,bronze
4509,permanently
4510,bride
4511,valve
4512,disrupt
4513,harmful
4514,shuttle
4515,simulation
4516,theft
4517,obey
4518,whereby
4519,alternatively
4520,couch
4521,cult
4522,nationwide
4523,lamb
4524,gradual
4525,gallon
4526,standardize
4527,integral
4528,accusation
4529,alteration
4530,strap
4531,frontier
4532,feather
4533,gossip
4534,dual
4535,humble
4536,caller
4537,restraint
4538,sweater
4539,plasma
4540,commissioner
4541,decay
4542,revision
4543,verify
4544,nicely
4545,bomber
4546,incur
4547,hunter
4548,confrontation
4549,inequality
4550,copyright
4551,genuinely
4552,tailor
4553,franchise
4554,vet
4555,predominantly
4556,artifact
4557,passionate
4558,vow
4559,congratulation
4560,beloved
4561,hostage
4562,ax
4563,outlook
4564,trainee
4565,selective
4566,spectacle
4567,fox
4568,rigid
4569,allegedly
4570,distort
4571,offender
4572,consolidate
4573,faithful
4574,waiter
4575,maneuver
4576,embassy
4577,vivid
4578,wreck
4579,dentist
4580,vegetarian
4581,dairy
4582,bucket
4583,rifle
4584,divert
4585,whatsoever
4586,albeit
4587,stripe
4588,aspiration
4589,prosperity
4590,disguise
4591,scrutiny
4592,utterance
4593,rob
4594,batch
4595,counselor
4596,problematic
4597,stagger
4598,encouragement
4599,tomb
4600,clarity
4601,waist
4602,wireless
4603,purse
4604,instructor
4605,miner
4606,stitch
4607,scar
4608,authentic
4609,jar
4610,vacuum
4611,barn
4612,liable
4613,suburban
4614,diplomat
4615,graphic
4616,robust
4617,ambulance
4618,sunshine
4619,transcript
4620,sexy
4621,cord
4622,beard
4623,denote
4624,cholesterol
4625,fashionable
4626,notify
4627,morality
4628,faction
4629,static
4630,wrist
4631,mainland
4632,precision
4633,chew
4634,axis
4635,fabulous
4636,unprecedented
4637,delete
4638,dialect
4639,saint
4640,champagne
4641,documentation
4642,ridge
4643,restrain
4644,furious
4645,fringe
4646,feast
4647,textbook
4648,trustee
4649,unintelligible
4650,automobile
4651,antibody
4652,spit
4653,incorrect
4654,sexually
4655,slump
4656,quest
4657,bracket
4658,rightly
4659,nationalist
4660,exclusion
4661,spontaneous
4662,supper
4663,fundamentally
4664,plague
4665,revenge
4666,euro
4667,hurricane
4668,breakthrough
4669,entail
4670,spike
4671,bureaucracy
4672,fusion
4673,portable
4674,correlate
4675,onset
4676,embody
4677,sniff
4678,abolish
4679,triple
4680,discretion
4681,misery
4682,retrieve
4683,avenue
4684,unacceptable
4685,sexuality
4686,skull
4687,consistency
4688,discard
4689,cooperative
4690,dam
4691,weep
4692,lesbian
4693,canteen
4694,militant
4695,butterfly
4696,jaw
4697,laptop
4698,fragile
4699,monk
4700,sub
4701,gorgeous
4702,invoke
4703,chapel
4704,aluminum
4705,sociology
4706,critique
4707,knot
4708,epidemic
4709,scent
4710,proclaim
4711,compatible
4712,align
4713,ankle
4714,denial
4715,cheerful
4716,syllable
4717,armor
4718,witch
4719,trauma
4720,dreadful
4721,canvas
4722,evoke
4723,partisan
4724,ballet
4725,magical
4726,divine
4727,animate
4728,comprehension
4729,chromosome
4730,exert
4731,splash
4732,transplant
4733,spiral
4734,heap
4735,paradigm
4736,enact
4737,umbrella
4738,distributor
4739,outsource
4740,endanger
4741,midst
4742,hockey
4743,continuously
4744,rod
4745,vest
4746,novelist
4747,surveillance
4748,attendant
4749,emotionally
4750,journalism
4751,handwrite
4752,interestingly
4753,skeptical
4754,stabilize
4755,bilingual
4756,intermediate
4757,transparent
4758,stab
4759,invoice
4760,enzyme
4761,provincial
4762,preservation
4763,node
4764,regulator
4765,nonetheless
4766,pillow
4767,mammal
4768,enrich
4769,constrain
4770,descent
4771,adequately
4772,analogy
4773,tumble
4774,jungle
4775,capitalist
4776,glue
4777,tribal
4778,memorable
4779,invariably
4780,municipal
4781,tech
4782,equilibrium
4783,deteriorate
4784,educator
4785,dread
4786,underline
4787,prosecute
4788,advisor
4789,sunlight
4790,fossil
4791,warrior
4792,implicit
4793,undergraduate
4794,murderer
4795,streak
4796,embark
4797,hail
4798,appetite
4799,bully
4800,assertion
4801,naive
4802,purchaser
4803,handy
4804,intake
4805,cleaner
4806,glare
4807,tiger
4808,quantitative
4809,variant
4810,burial
4811,accustom
4812,mandatory
4813,advisory
4814,juvenile
4815,hum
4816,oak
4817,foul
4818,imperative
4819,consecutive
4820,ignorance
4821,blaze
4822,interpreter
4823,planner
4824,ache
4825,lid
4826,cookie
4827,salmon
4828,subjective
4829,fluctuate
4830,secular
4831,controller
4832,spectator
4833,indigenous
4834,pragmatic
4835,viewpoint
4836,doom
4837,redemption
4838,vowel
4839,lace
4840,hatred
4841,underestimate
4842,greenhouse
4843,skate
4844,drawback
4845,affordable
4846,blur
4847,landmark
4848,insufficient
4849,appropriately
4850,lengthy
4851,shave
4852,classmate
4853,basin
4854,pollute
4855,inhabit
4856,patron
4857,composite
4858,squash
4859,roast
4860,wardrobe
4861,leverage
4862,bloom
4863,pint
4864,auditor
4865,freak
4866,luggage
4867,predictable
4868,differential
4869,bulb
4870,width
4871,creator
4872,hatch
4873,telescope
4874,soften
4875,compliment
4876,sadness
4877,kidney
4878,fisherman
4879,rotate
4880,temptation
4881,naval
4882,hospitality
4883,generalize
4884,balcony
4885,veto
4886,mentor
4887,defer
4888,rib
4889,degradation
4890,lorry
4891,rewrite
4892,conform
4893,choir
4894,antibiotic
4895,generic
4896,legendary
4897,morale
4898,sore
4899,peripheral
4900,coherent
4901,delightful
4902,contingent
4903,commence
4904,reservoir
4905,helmet
4906,reside
4907,cocktail
4908,herd
4909,cereal
4910,smoothly
4911,referee
4912,dumb
4913,grim
4914,pinch
4915,downward
4916,nickname
4917,unaware
4918,congratulate
4919,trailer
4920,sting
4921,tariff
4922,pave
4923,coincidence
4924,foremost
4925,embarrassment
4926,rotation
4927,lemon
4928,optimism
4929,cargo
4930,unconscious
4931,psychiatric
4932,graze
4933,subordinate
4934,trash
4935,sparkle
4936,decisive
4937,innocence
4938,drought
4939,belly
4940,chess
4941,presently
4942,fuse
4943,dim
4944,simplicity
4945,literacy
4946,northwest
4947,repetition
4948,kindness
4949,mobility
4950,absurd
4951,reproduction
4952,subscription
4953,successive
4954,reconcile
4955,neatly
4956,gauge
4957,missionary
4958,lure
4959,arc
4960,bruise
4961,probable
4962,multinational
4963,mushroom
4964,sway
4965,velocity
4966,doorway
4967,acquaintance
4968,ant
4969,thoughtful
4970,choke
4971,optimal
4972,confession
4973,benchmark
4974,escort
4975,biscuit
4976,physics
4977,crisp
4978,coordination
4979,scenery
4980,unusually
4981,envy
4982,chunk
4983,encompass
4984,brutal
4985,directive
4986,tricky
4987,plow
4988,scout
4989,extensively
4990,manipulation
4991,garment
4992,ass
4993,dominance
4994,railroad
4995,rig
4996,precedent
4997,understandable
4998,tribunal
4999,admiration
5000,addiction
5001,cushion
5002,pony
5003,derivative
5004,bastard
5005,scarcely
5006,artery
5007,predator
5008,ram
5009,quota
5010,replicate
5011,navy
5012,nationally
5013,sergeant
5014,renewal
5015,memoir
5016,corps
5017,herb
5018,fertility
5019,appraisal
5020,luckily
5021,anticipation
5022,slate
5023,unfamiliar
5024,nutrient
5025,flick
5026,ironically
5027,postcard
5028,expire
5029,dolphin
5030,shaft
5031,contempt
5032,instrumental
5033,arouse
5034,torch
5035,crap
5036,propaganda
5037,deed
5038,cooker
5039,geographical
5040,rehearsal
5041,discriminate
5042,relaxation
5043,unwilling
5044,obsession
5045,ceramic
5046,endorsement
5047,flour
5048,indirectly
5049,evolutionary
5050,enjoyment
