word,total_count
autotroph,228
physic,137
leonard,70
quantum,67
coitus,59
amy,54
koothrappali,34
theoretical,33
wolowitz,31
raj,29
intellectual,27
experimental,26
hypothesis,25
astrophysicist,23
bernadette,23
oontz,22
dimension,20
purr,20
brisket,19
disprove,18
zack,18
academic,17
planetarium,17
boson,16
stuart,16
bosom,15
gynecologist,15
psychic,15
superfluid,14
internal,13
lactose,13
rhetorical,13
sensor,13
supercollider,13
asymmetry,12
bestie,12
component,12
eidetic,12
initiate,12
meteor,12
neurobiologist,12
nevertheless,12
cortex,11
geologist,11
kryptonian,11
meteorite,11
neurobiology,11
neuroscientist,11
solder,11
vortex,11
biologist,10
degrasse,10
differential,10
evolutionary,10
gyroscope,10
lime,10
nag,10
neuroscience,10
objection,10
radium,10
condensate,9
galaxy,9
neutrino,9
photon,9
pout,9
prenup,9
supersymmetry,9
tangerine,9
ambiguous,8
avenger,8
compartment,8
cuckoo,8
cuisine,8
gibbon,8
loofah,8
mac,8
micaceous,8
optimize,8
peer,8
schist,8
tantrum,8
ark,7
bazinga,7
bobcat,7
centrifuge,7
characterize,7
conclusively,7
disneyland,7
earthquake,7
enchanted,7
fellowship,7
goggles,7
insecurity,7
interject,7
kung,7
lantern,7
lesion,7
machinery,7
marital,7
matrix,7
meemaw,7
microbiologist,7
monopoles,7
nobel,7
pastrami,7
prefrontal,7
snarky,7
starfish,7
tasting,7
uranium,7
wolverine,7
accelerator,6
almanac,6
annoyed,6
antidepressant,6
array,6
badum,6
biochemical,6
busboy,6
calculus,6
characteristic,6
cheerio,6
coefficient,6
coeruleus,6
conversational,6
cosmic,6
cosmological,6
density,6
entropy,6
glenn,6
gravitational,6
hippy,6
historically,6
hulk,6
locus,6
luminous,6
moot,6
mucus,6
nightcap,6
ninja,6
overthink,6
payload,6
petri,6
phd,6
piercing,6
quirk,6
railway,6
reactor,6
relativity,6
reproduce,6
residual,6
serpent,6
spock,6
spotlight,6
stalemate,6
stimulus,6
tangent,6
testosterone,6
undergrad,6
unicycle,6
vexillology,6
westauwant,6
zachary,6
acoustic,5
armenian,5
astrophysics,5
avocado,5
awkwardness,5
backsies,5
bishop,5
blintz,5
brobdingnagian,5
cohabitation,5
collider,5
combustion,5
cooling,5
copulate,5
deceitful,5
deity,5
delightfully,5
digestive,5
doggie,5
dopey,5
electrical,5
elevate,5
emasculate,5
fencing,5
frauds,5
hagfish,5
hickey,5
hippie,5
howie,5
hypochondria,5
integral,5
intellectually,5
isotope,5
jay,5
latex,5
locket,5
margarita,5
meatloaf,5
mechanical,5
medieval,5
milky,5
mythology,5
nucleus,5
ode,5
organizational,5
ostrich,5
overlord,5
parasite,5
pasty,5
phasers,5
planetary,5
postulate,5
promiscuous,5
prowess,5
putz,5
retraction,5
scalped,5
sensory,5
serotonin,5
sheldons,5
simultaneously,5
sloth,5
spherical,5
sphincter,5
stray,5
subsection,5
supercooled,5
tam,5
testy,5
theremin,5
toggle,5
transformer,5
tushy,5
undead,5
unified,5
unresolved,5
urination,5
vixen,5
weasel,5
wheaton,5
whee,5
whining,5
wil,5
xenon,5
yucky,5
zi,5
accolade,4
adhesive,4
algebraic,4
alphabetically,4
angular,4
animated,4
anthropic,4
anthropologist,4
archimedes,4
arrhythmia,4
asthmatic,4
asymmetrical,4
baggie,4
bandage,4
blower,4
bossy,4
breeder,4
browse,4
bubala,4
butterscotch,4
calibration,4
celestial,4
cholermus,4
chuckle,4
chute,4
classified,4
clinical,4
cloaking,4
cobra,4
cockamamy,4
cogent,4
colonel,4
complaining,4
conceptualize,4
conclusive,4
contraire,4
copenhagen,4
correspond,4
cosmology,4
coupling,4
covenant,4
crocodile,4
crossover,4
cryogenic,4
culinary,4
damsel,4
decongestant,4
deploy,4
derision,4
diploma,4
downhill,4
edison,4
entree,4
envious,4
est,4
eulogy,4
fasten,4
feline,4
flattering,4
flermin,4
floppy,4
floral,4
fluctuation,4
folksy,4
freakishly,4
freeway,4
frontal,4
furry,4
fyi,4
gazelle,4
guinea,4
hemisphere,4
hepatitis,4
hopelessly,4
hummingbird,4
idiosyncrasy,4
implied,4
infrared,4
inherent,4
interstellar,4
irritable,4
irritating,4
keynote,4
lackey,4
lama,4
lambda,4
lehver,4
limbic,4
linear,4
lingerie,4
lipid,4
mantis,4
mathematics,4
methodology,4
mimosa,4
multidimensional,4
mutism,4
optic,4
overthinking,4
pancreas,4
peasy,4
pedantic,4
penicillin,4
percussive,4
phobia,4
pilgrim,4
pinkeye,4
plural,4
poppycock,4
positronium,4
postdoc,4
prairie,4
praying,4
preevning,4
preposition,4
priya,4
promiscuity,4
proton,4
pulling,4
rajesh,4
rampant,4
ravish,4
redundant,4
reevaluate,4
repellent,4
respective,4
retina,4
rodent,4
rodeo,4
roughhouse,4
ruby,4
rue,4
schematic,4
screwdriver,4
scrimmage,4
selective,4
serape,4
shoemaker,4
sightseeing,4
slogan,4
slug,4
slugger,4
snippy,4
spineless,4
stability,4
starch,4
strainer,4
subcontinent,4
sulfide,4
teacup,4
teaspoon,4
tenured,4
tights,4
tiresome,4
trajectory,4
turbulence,4
undergarment,4
vaporize,4
vega,4
vegas,4
ventriloquist,4
whimsically,4
wobble,4
yelp,4
accepted,3
accuracy,3
adamantium,3
addendum,3
aficionado,3
aggravate,3
airborne,3
algae,3
ammonia,3
amorous,3
amplitude,3
anarchy,3
anchovy,3
animalistic,3
anime,3
apocalypse,3
apocalyptic,3
apron,3
arachnid,3
architect,3
armadillo,3
assert,3
assless,3
astonish,3
astrology,3
autographed,3
axiomatic,3
backwoods,3
badminton,3
balanced,3
banality,3
berate,3
bert,3
beverly,3
bigaditya,3
blinking,3
blitz,3
boldly,3
bongos,3
boutonniere,3
brainiac,3
bridget,3
briefing,3
brutally,3
buttload,3
camouflage,3
capybara,3
carbohydrate,3
catchy,3
categorize,3
caterpillar,3
catfish,3
catty,3
centrifugal,3
chai,3
chaperone,3
clammy,3
claustrophobic,3
clavicle,3
cleanliness,3
cliffhanger,3
coital,3
collapsible,3
comma,3
complexion,3
computation,3
condescension,3
conjugal,3
consecutive,3
constellation,3
cornfield,3
cornish,3
corroborate,3
cosmopolitan,3
cotillion,3
counterpoint,3
crackpot,3
cucumber,3
cuddly,3
cutest,3
d'oeuvres,3
definitively,3
deprive,3
dickey,3
digitally,3
dinfast,3
dissertation,3
doctoral,3
dogapus,3
dominance,3
dopamine,3
duplicate,3
earworm,3
eavesdropping,3
eccentricity,3
economist,3
eine,3
elevated,3
elimination,3
elvish,3
embark,3
empirical,3
emulate,3
encouragement,3
endorphin,3
enema,3
enlargement,3
entanglement,3
entertaining,3
enthusiast,3
epithelial,3
europium,3
exhaustion,3
exoskeleton,3
exploration,3
federation,3
feign,3
fermion,3
flatulent,3
flawless,3
fondly,3
footnote,3
frig,3
frightening,3
galactic,3
gall,3
gladiator,3
glamorous,3
gluino,3
goddaughter,3
guitarist,3
habilis,3
hankering,3
heinie,3
hinduism,3
hofstadter,3
hologram,3
homegirl,3
homeostasis,3
homunculus,3
hors,3
hubba,3
huff,3
humid,3
hydraulic,3
iceberg,3
iconic,3
idiom,3
ignite,3
iguana,3
illustrate,3
imposition,3
improperly,3
inaccuracy,3
inadequate,3
incomplete,3
incorrectly,3
incubator,3
indicates,3
inertia,3
inference,3
inferiority,3
inflamed,3
insistence,3
insomnia,3
insufferable,3
insufficient,3
inventive,3
ira,3
janko,3
jeepers,3
jones,3
kissy,3
kripke,3
krob,3
lapel,3
latent,3
laude,3
leakage,3
leever,3
leslie,3
letting,3
libido,3
lichen,3
lightsabers,3
lima,3
limitation,3
lint,3
localize,3
loopy,3
lotus,3
lox,3
lumen,3
majesty,3
malaria,3
manipulation,3
mano,3
martini,3
maze,3
measurable,3
mein,3
melanoma,3
metaphorical,3
mg,3
microbiology,3
mimesis,3
mockery,3
moderately,3
monopole,3
mooch,3
morbid,3
motorized,3
mouthful,3
mouthwash,3
mumbo,3
muon,3
muscular,3
nauseated,3
nearsighted,3
neglect,3
nether,3
neuroscientific,3
newfound,3
nibble,3
nightstand,3
noisy,3
noogies,3
noted,3
noteworthy,3
novus,3
nullify,3
nyet,3
obligated,3
officiant,3
oily,3
olfactory,3
operant,3
oral,3
ordain,3
orthotics,3
overbite,3
overuse,3
pao,3
papi,3
pathogen,3
photomultiplier,3
physics,3
physiological,3
pigskin,3
pillowcase,3
placebo,3
plaid,3
playa,3
poncho,3
pong,3
populate,3
posit,3
possessor,3
predisposition,3
preliminary,3
progeny,3
pronoun,3
propagation,3
prototyper,3
quesadilla,3
quintessential,3
quois,3
rabbi,3
raising,3
rama,3
ramble,3
ranch,3
rebrand,3
redness,3
refocus,3
removable,3
repetition,3
repress,3
restatement,3
revert,3
revise,3
rhinestone,3
risotto,3
robotic,3
romulan,3
rupee,3
rut,3
salute,3
satisficer,3
scamp,3
scathing,3
schoolyard,3
shaky,3
sherry,3
shiksa,3
sic,3
sieve,3
simulator,3
singularity,3
sissy,3
slumber,3
soiree,3
solstice,3
sovereign,3
specifies,3
squishy,3
starfleet,3
stethoscope,3
stoop,3
subpar,3
substitution,3
subsume,3
suburban,3
supercomputer,3
suppository,3
swirl,3
taffy,3
tango,3
tapioca,3
telepathically,3
tenuous,3
tertiary,3
theorist,3
thermodynamics,3
threatened,3
thundercats,3
tic,3
tidbit,3
toenail,3
topology,3
toughie,3
toupee,3
ultraviolet,3
unfriend,3
ungodly,3
unhygienic,3
urethra,3
uvula,3
wab,3
watering,3
weaponize,3
wedgie,3
weepy,3
whaffle,3
whatev,3
wove,3
yorkshire,3
yousa,3
zebra,3
ablution,2
abruptly,2
acceleration,2
acetylene,2
ack,2
acquisition,2
actuality,2
adherence,2
admonish,2
adness,2
adolescence,2
aerial,2
aftershock,2
aggravating,2
aggregation,2
akin,2
allergist,2
allocate,2
altruism,2
ambient,2
ambiguity,2
amino,2
amniotic,2
amygdala,2
anaphylactic,2
androgynous,2
angelina,2
angels,2
angie,2
annihilation,2
anteater,2
anthropological,2
anthropomorphized,2
antiperspirant,2
antiproton,2
anyhoo,2
apologizing,2
apparatus,2
applied,2
apprec,2
arbitrarily,2
archenemy,2
argon,2
argyle,2
armen,2
articulately,2
asexual,2
asinine,2
assorted,2
assuage,2
astronomy,2
asymptote,2
asymptotically,2
attosecond,2
audacity,2
auditorium,2
austrian,2
authenticity,2
aversion,2
axiomatically,2
babble,2
backstory,2
badasses,2
badgering,2
bailment,2
bairn,2
banal,2
barium,2
barmaid,2
bat'leth,2
batman,2
batsuit,2
beckon,2
bedrock,2
befoulment,2
befuddle,2
behaves,2
bendy,2
bespectacled,2
biographer,2
blare,2
bloomer,2
blur,2
boa,2
boink,2
bologna,2
bouillon,2
bracing,2
brawny,2
bridle,2
brie,2
brimstone,2
brine,2
brot,2
bu,2
bumblebee,2
bunkhouse,2
buoy,2
caddy,2
calming,2
calzone,2
campsite,2
candor,2
capitol,2
capuchin,2
carbonate,2
carefree,2
cartesian,2
cashew,2
causal,2
causality,2
caveman,2
chaperon,2
chasing,2
chasm,2
checkmate,2
chewable,2
chintzy,2
chipmunk,2
chloroform,2
chowder,2
chromosome,2
cilantro,2
cipher,2
circumvent,2
citrus,2
civet,2
claustrophobia,2
cleverly,2
clogzilla,2
clowder,2
cloy,2
cocoon,2
collaboration,2
collide,2
colossal,2
combustible,2
comm,2
compatibility,2
complacent,2
computational,2
concise,2
condemnation,2
conditional,2
conduction,2
confetto,2
configure,2
confound,2
congestive,2
conjunctivitis,2
conn,2
connectivity,2
consenting,2
conservative,2
constipate,2
constipation,2
constitutes,2
constrictor,2
contention,2
contraceptive,2
contradictory,2
controversy,2
conversationalist,2
cootie,2
corduroy,2
cornea,2
correspondence,2
corsage,2
corset,2
cosmonaut,2
costar,2
costuming,2
crabby,2
crawling,2
craziness,2
crimson,2
crouton,2
crowded,2
cruciferous,2
cryocooler,2
cryptanalysis,2
crystallization,2
cultivate,2
curiouser,2
currency,2
cutup,2
cyanoacrylates,2
cybernetics,2
cyborg,2
cyclotron,2
cylons,2
dally,2
darkened,2
darth,2
das,2
dashboard,2
deduce,2
deejay,2
default,2
deference,2
deficiency,2
defining,2
defoliate,2
defrost,2
delicates,2
demean,2
denise,2
denture,2
deodorant,2
deprivation,2
dermatology,2
describes,2
desensitize,2
designated,2
desperation,2
deterministic,2
dictatorship,2
dinga,2
disconfirmed,2
disembodied,2
disengage,2
dishwasher,2
disinfectant,2
disproportionate,2
disproven,2
diva,2
doctrine,2
dodger,2
doofus,2
dowel,2
downright,2
drat,2
drawn,2
droop,2
dumbbell,2
dumbed,2
duvet,2
earthy,2
easement,2
educated,2
eee,2
egotistical,2
eharmony,2
electrocute,2
emblazon,2
embodiment,2
eminently,2
emotionless,2
emulator,2
encephalopathy,2
enchant,2
encroach,2
encroachment,2
engaging,2
enhance,2
entomologist,2
envision,2
epidemiology,2
epilepsy,2
epinephrine,2
epistemic,2
equivalency,2
ersatz,2
espouse,2
etymology,2
eucalyptus,2
eureka,2
exceeds,2
exceptionally,2
excitation,2
exhausting,2
expeditiously,2
explaing,2
extender,2
extends,2
extensive,2
extort,2
extremity,2
facetiming,2
familiarize,2
farr,2
ferkakta,2
feverish,2
fides,2
figment,2
filk,2
finch,2
firefighter,2
fizz,2
flabbergast,2
flair,2
flatmate,2
flawed,2
fleck,2
flirtation,2
flux,2
foolishly,2
forbidded,2
fortuitous,2
fou,2
foundational,2
foxy,2
fracas,2
frankfurter,2
freudian,2
friended,2
frittata,2
frock,2
fulcrum,2
fultoni,2
functionary,2
fundamentally,2
funnin,2
gamer,2
gamma,2
ganges,2
gastrointestinal,2
geeky,2
gentile,2
geometry,2
geosynchronous,2
germaphobe,2
germy,2
gesundheit,2
gigabyte,2
girdle,2
giveaway,2
giveth,2
glean,2
gluteus,2
glycol,2
googly,2
graceful,2
graph,2
gratooty,2
griffin,2
gullibility,2
gunfire,2
ha'kiv,2
haggis,2
hallelujah,2
hallucinate,2
hammered,2
hammy,2
handlebar,2
hawaii,2
heinousness,2
helically,2
hightail,2
hiney,2
hissy,2
holographic,2
homesick,2
homies,2
hominid,2
hoochie,2
hooligan,2
houseguest,2
housewife,2
hub,2
huffy,2
hungover,2
hurting,2
hurtle,2
hyperspace,2
hyperventilate,2
hypothalamus,2
hypothesize,2
idiopathic,2
iffy,2
imitates,2
immensity,2
immerse,2
imperfect,2
implacable,2
implausible,2
implementation,2
implies,2
impossibility,2
inadvertently,2
incinerate,2
indecision,2
indemnify,2
indictment,2
indifference,2
indoorsy,2
inefficient,2
inexplicable,2
infatuation,2
infernal,2
infinitive,2
inflame,2
inherently,2
intelligently,2
interference,2
intergalactic,2
interlock,2
interpreter,2
interspecies,2
intoxicating,2
invents,2
inverse,2
iodide,2
ion,2
ipso,2
irradiated,2
isosceles,2
issabella,2
iteration,2
jackasses,2
jaywalk,2
jeanie,2
jeffries,2
jeopardize,2
jibber,2
jolie,2
junction,2
jurisdiction,2
kan,2
kandorian,2
kaon,2
kar,2
ke,2
keister,2
ken,2
kerf,2
kiima,2
kinetic,2
kn,2
kugel,2
kutta,2
labradoodles,2
lactate,2
laminated,2
lateral,2
lavatory,2
leper,2
licitum,2
lifelike,2
liqueur,2
longshoreman,2
lysine,2
magnesium,2
magpie,2
maharaja,2
majeure,2
malarkey,2
manga,2
manifold,2
mansplaining,2
mario,2
maritime,2
marketable,2
marking,2
matzo,2
maudlin,2
maul,2
maximize,2
mecca,2
meditate,2
mellifluous,2
melodramatic,2
memetic,2
memorabilia,2
mendelevium,2
menopausal,2
meson,2
methane,2
microcomputer,2
microorganism,2
mimicry,2
miniaturize,2
minimize,2
miran,2
mirth,2
miscellaneous,2
mishap,2
mishegas,2
momma,2
monoamine,2
morlocks,2
mortadella,2
mortify,2
mountainside,2
mousy,2
moxie,2
mri,2
muggle,2
multiplication,2
multitasking,2
multiverse,2
munch,2
musk,2
na'ish,2
nanotube,2
necessarium,2
neckline,2
neener,2
negs,2
nerdizzles,2
neurobiological,2
neurological,2
neurotic,2
neutron,2
newlywed,2
nightlights,2
nightly,2
nip,2
nitish,2
nitpick,2
noggin,2
nondescript,2
nonlinear,2
nonprescription,2
nonrefundable,2
nosebleed,2
nosey,2
nosy,2
notarize,2
nova,2
noxious,2
null,2
nuptials,2
objectionable,2
observational,2
observed,2
occupancy,2
onesie,2
oozy,2
opa,2
opalescent,2
opiate,2
optical,2
optimum,2
orcs,2
organizee,2
outgrown,2
outraged,2
overbear,2
overconfidence,2
overheat,2
overrated,2
oversell,2
oversensitive,2
oxidase,2
oxnard,2
oxytocin,2
palatable,2
palindrome,2
paneer,2
pantsuit,2
parasitic,2
paren,2
parque,2
particulate,2
pathway,2
patter,2
pecs,2
penile,2
periodically,2
permutation,2
perpetuate,2
pff,2
ph,2
phallic,2
phaser,2
philharmonic,2
photographic,2
phys,2
physiology,2
pickled,2
pinworm,2
pitching,2
pixel,2
plagiarism,2
planko,2
platonic,2
plausibly,2
playlist,2
plucky,2
podiatrist,2
politically,2
polyester,2
pon,2
ponfo,2
pontificate,2
porcelain,2
portable,2
positional,2
possessive,2
posterior,2
posterity,2
preadolescent,2
predicted,2
preface,2
prepares,2
preshow,2
prestigious,2
pretext,2
primordial,2
prion,2
processing,2
processor,2
procyon,2
proffer,2
propeller,2
propensity,2
proportional,2
prospective,2
psychoanalyze,2
psychologist,2
pubis,2
pufferfish,2
pulley,2
pumice,2
quantify,2
quench,2
quibble,2
quid,2
quod,2
rabeliechtli,2
racially,2
raggedy,2
rattled,2
rattler,2
rd,2
rebellious,2
recap,2
receptor,2
recommends,2
recycled,2
reef,2
reflector,2
refrigerate,2
refusal,2
regarded,2
regimen,2
regression,2
reinitialize,2
reinstall,2
relay,2
reluctance,2
remedial,2
renegade,2
replaced,2
reported,2
reproduction,2
rerun,2
resonance,2
respecting,2
responding,2
restrict,2
restrictive,2
retractor,2
retrospect,2
revamp,2
rhesus,2
rife,2
rightie,2
rigor,2
riverdancing,2
roaring,2
robotics,2
rook,2
rosary,2
rumble,2
runny,2
s'more,2
sabbath,2
sais,2
sandstorm,2
sanitize,2
satisficing,2
sauna,2
savant,2
schmo,2
schmuck,2
scrupulous,2
seasick,2
seasonally,2
semantic,2
semiotics,2
serum,2
shorten,2
shrimper,2
shyness,2
siam,2
sideburn,2
sie,2
siglature,2
skintight,2
skyrocket,2
skywriting,2
slider,2
slime,2
smoothie,2
smush,2
snapped,2
snicker,2
snickerdoodles,2
snooping,2
snowcapped,2
sociological,2
sonic,2
sonogram,2
spade,2
spearfish,2
specialized,2
species,2
spectroscopy,2
speechless,2
speeding,2
spelling,2
sphere,2
spiny,2
spirited,2
spitball,2
spongebob,2
spongiform,2
spontaneity,2
spontaneously,2
sprain,2
sprite,2
spying,2
squark,2
squeezing,2
stau,2
steamer,2
stencil,2
stomachache,2
streetcar,2
striped,2
stubbornness,2
stweet,2
subconsciously,2
sublimation,2
substrate,2
succotash,2
succubus,2
suckler,2
suede,2
sulfate,2
summa,2
supersolids,2
sur,2
swagger,2
swashbuckler,2
sweden,2
swirlies,2
swordfish,2
syphilitic,2
szechuan,2
taang,2
tactile,2
tanzanian,2
tater,2
tatooine,2
tator,2
tattooed,2
taw,2
tbbteam,2
teardrop,2
telepathic,2
tensile,2
tentatively,2
terminology,2
texan,2
thang,2
theenterprise,2
theoretician,2
thunderstorm,2
thyroid,2
tiebreaker,2
tiller,2
timeless,2
ting,2
tongs,2
tought,2
traipse,2
transcend,2
transgression,2
transitive,2
transverse,2
tremor,2
tribbles,2
trumpet,2
tubby,2
twaddle,2
tweepadock,2
twinge,2
twister,2
uch,2
ultrasonic,2
unassigned,2
unconsciously,2
underlie,2
undertaking,2
undies,2
undoubtedly,2
unify,2
unimpressive,2
unisex,2
unlovable,2
unloved,2
unmet,2
unmitigated,2
unsatisfactory,2
unscheduled,2
unsweetened,2
upsilon,2
uru,2
utensil,2
valedictorian,2
vantage,2
vay,2
veal,2
ventriloquism,2
veritable,2
vertical,2
vertigo,2
vestigial,2
vibration,2
vicks,2
viewpoint,2
vindictive,2
viscosity,2
visualization,2
volkswagen,2
voltage,2
vulnerability,2
washing,2
wasp,2
wast,2
watched,2
waterworks,2
waugh,2
waxing,2
wecommend,2
weightlessness,2
wheezy,2
whistling,2
widen,2
width,2
willingness,2
windbreaker,2
wobot,2
woboto,2
wok,2
womenfolk,2
woot,2
wordplay,2
workaday,2
worldly,2
writ,2
yello,2
yiddish,2
yodel,2
zazzy,2
zig,2
zompire,2
zoot,2
zork,2
aa,1
aajke,1
aardvark,1
aat,1
aback,1
abadthing,1
abandoned,1
abbreviation,1
abelion,1
aberration,1
abhorrent,1
abnormality,1
abs,1
absentmindedly,1
abstain,1
absurdum,1
abundant,1
abut,1
abysmal,1
abyss,1
ac,1
academically,1
accelerated,1
acchha,1
accompanying,1
accumbens,1
accumulation,1
accumulator,1
accurely,1
accustomed,1
acelerador,1
acetal,1
acidity,1
acidophilus,1
acknowledgement,1
acromion,1
actinoid,1
actualrealscientist,1
acuity,1
acupressure,1
acutely,1
adaptability,1
adaptable,1
adept,1
adheres,1
adho,1
adjoining,1
admits,1
adorably,1
adulation,1
adverb,1
aegean,1
aerospace,1
affectation,1
affluence,1
affront,1
afghanistan,1
afoot,1
aforementioned,1
aforethought,1
aft,1
aftershave,1
agility,1
agnostic,1
agora,1
agoraphobia,1
aidea,1
aimlessly,1
airbrush,1
airflow,1
airsick,1
alabaster,1
alarmist,1
albino,1
alchemy,1
aleasant,1
alfred,1
algebraically,1
alignment,1
allotted,1
allows,1
almighty,1
alo,1
aloe,1
aloof,1
alphabetize,1
alternating,1
amalgamation,1
ambiance,1
ambience,1
ambivalence,1
ambulatory,1
amelia,1
amend,1
amendment,1
americium,1
ames,1
ammo,1
amphitheater,1
amplifier,1
anachronism,1
analogous,1
analogue,1
anatomic,1
anecdotal,1
anemia,1
aneurism,1
angeles,1
angioplasty,1
angora,1
animatronics,1
anisotropy,1
annotate,1
anthropomorphize,1
anticipated,1
anticlimactic,1
antifungal,1
antimony,1
antiviral,1
anu,1
anyhow,1
anyw,1
apathetic,1
aperture,1
appease,1
appellate,1
applet,1
appli,1
applicator,1
appoggiatura,1
appreciably,1
appree,1
approving,1
approximate,1
apsparagus,1
apt,1
aptitude,1
aquaman,1
aquasocks,1
aquatic,1
arc,1
archduchy,1
archeological,1
archeologist,1
archeology,1
archie,1
arduous,1
areola,1
argues,1
argumentum,1
aristotelian,1
arlene,1
arranged,1
arrives,1
artichoke,1
articulating,1
artisanal,1
asman,1
aspiration,1
assertion,1
asshat,1
assimilis,1
assumes,1
assuredly,1
astatine,1
asterisk,1
astonishing,1
astor,1
astro,1
astrocyte,1
astronautie,1
astronomically,1
astrophysical,1
asymmetric,1
atah,1
atheist,1
athenian,1
atractive,1
attire,1
attractiveness,1
atypical,1
auburn,1
authoritarian,1
autographs,1
automaton,1
autonomic,1
avocation,1
avoids,1
awong,1
azalea,1
azimuth,1
azure,1
baboo,1
babygap,1
backburner,1
backed,1
backpedal,1
backstroke,1
backwash,1
badalum,1
baffling,1
bailee,1
bailor,1
bakersfield,1
baldness,1
ballbuster,1
ballbusters,1
ballbusting,1
baller,1
ballot,1
bangalore,1
bangin,1
banished,1
barb,1
barbara,1
barbering,1
barcodes,1
barefoot,1
barehanded,1
bartending,1
baryon,1
baser,1
basing,1
bastar,1
bastardization,1
baste,1
bat'lething,1
bataillon,1
bathmat,1
bathwater,1
batmobile,1
batting,1
battled,1
bayberry,1
bayonet,1
bea,1
beachy,1
beagle,1
bearded,1
beatbox,1
beatin,1
beatles,1
bedsheet,1
bedspread,1
beefaroni,1
beefcake,1
beefy,1
beeline,1
befuddled,1
beguiling,1
bejeweled,1
belated,1
belgian,1
bellyache,1
bending,1
beneficial,1
bengay,1
bereft,1
bernade,1
betrayed,1
biblical,1
bibliography,1
biddy,1
bifocals,1
bifurcate,1
bigamy,1
bigfoot,1
biguous,1
binge,1
biochemistry,1
biodome,1
biofuel,1
biomechanics,1
bioorganic,1
biopsy,1
bipolar,1
birkenstocks,1
biryani,1
bitchiness,1
bitey,1
biting,1
bitsy,1
blabbing,1
blabby,1
blackness,1
blanc,1
blaring,1
blastin,1
blasting,1
bleaching,1
bleh,1
blindingly,1
blindside,1
blinky,1
blockhead,1
blogosphere,1
bloke,1
bloodied,1
bloodsucking,1
blot,1
bloviate,1
bloweth,1
blowfly,1
blowhole,1
blubbering,1
blurb,1
blurriness,1
boatload,1
bobsled,1
bodacious,1
bolder,1
boneheaded,1
bonobo,1
boobs,1
booing,1
boon,1
boone,1
bootblack,1
bootstrap,1
bootylicious,1
boppity,1
bosomy,1
bosonic,1
bossa,1
botulism,1
bouffant,1
bouillabaisse,1
bouncer,1
boundless,1
bourgeois,1
boxed,1
boysenberry,1
bozites,1
braille,1
brainteaser,1
brainy,1
brakkadoom,1
brandied,1
bratwurst,1
brazil,1
brazilian,1
breading,1
breastfeeding,1
breathes,1
brevity,1
brightly,1
brioche,1
briquette,1
brisk,1
broadband,1
brokenhearted,1
bromance,1
bronco,1
brook,1
bshh,1
bubbeleh,1
buckler,1
budabest,1
buddies,1
bugeeses,1
bulbous,1
bulldozer,1
bullwhip,1
bumping,1
bumpkin,1
bunky,1
bureaucracy,1
bureaucratically,1
buttermilk,1
buttery,1
buttwad,1
buuurn,1
cabaret,1
cacophonous,1
caddie,1
cadet,1
calculable,1
calico,1
california,1
caliper,1
calligrapher,1
calligraphy,1
callosum,1
callous,1
calloused,1
caltech,1
calzones,1
cambodian,1
cameo,1
cameraperson,1
camptown,1
camry,1
candlelight,1
canon,1
canoodling,1
capacitor,1
caped,1
caramelizing,1
carbonara,1
carcass,1
carcinogen,1
carcinogenic,1
cardamom,1
cardinal,1
cardiomyopathy,1
caregiver,1
caress,1
caret,1
carousel,1
carrageenan,1
carthage,1
cartoo,1
carving,1
castanets,1
cataclysmic,1
catatonic,1
catching,1
catering,1
caterwaul,1
caterwauling,1
catheter,1
cattiness,1
cattywampus,1
catwoman,1
causation,1
cautiously,1
cavalryman,1
cavort,1
cbs,1
celebratory,1
cellist,1
centauri,1
centripetal,1
cerficate,1
chafed,1
chakra,1
changeroni,1
channelis,1
chaplain,1
chard,1
charging,1
chatroom,1
chattel,1
cheaply,1
cheated,1
checkered,1
cheery,1
cheezeburger,1
cherie,1
cherish,1
chernobyl,1
cherrrkh,1
chewbacca,1
cheweth,1
chewie,1
chex,1
chide,1
china,1
ching,1
chisel,1
chit,1
chlorine,1
choices,1
choked,1
choking,1
chong,1
chooses,1
choreographed,1
chorrr,1
chosena,1
christy,1
chromic,1
chromodynamics,1
chronologically,1
chubsters,1
chuppah,1
churner,1
chutney,1
cicada,1
cinderblock,1
cingulate,1
circa,1
circadian,1
circulatory,1
circumference,1
ck,1
clairvoyance,1
claritin,1
classically,1
classicflash,1
cliffy,1
climactic,1
clincher,1
clingy,1
clipping,1
cliquey,1
clockwise,1
cloning,1
clothespin,1
cloying,1
clubfooted,1
clucking,1
coating,1
coax,1
cob,1
coccus,1
coccyx,1
cockamamie,1
cockatoo,1
cockfight,1
codependently,1
codicil,1
codifies,1
codiscoverer,1
cog,1
cognitively,1
cognoscendi,1
coherence,1
coil,1
coincidentally,1
coitusing,1
coldcock,1
coldest,1
colead,1
colecovision,1
colloidal,1
colorless,1
columns,1
comatose,1
combined,1
comical,1
commanding,1
commencing,1
commensurate,1
commerce,1
commercially,1
communicator,1
compactification,1
comparable,1
comparatively,1
compassionately,1
compatriot,1
competence,1
complains,1
composition,1
compress,1
compulsion,1
computing,1
concavity,1
concealer,1
conceivable,1
concepcion,1
concisely,1
concoct,1
condescendship,1
condiment,1
conduit,1
confined,1
conformational,1
confounded,1
confounding,1
congeal,1
congest,1
congestion,1
congratulatory,1
conically,1
conk,1
connecting,1
connors,1
consequently,1
considerably,1
consonant,1
constance,1
constipated,1
constitutional,1
constitutionally,1
consummation,1
contemplation,1
contentious,1
contextually,1
continuation,1
continuous,1
continuum,1
contort,1
contradiction,1
contradistinction,1
convene,1
conversely,1
converter,1
conveyor,1
convincingly,1
convolute,1
coolness,1
coping,1
copulation,1
corncob,1
cornhusker,1
cornrowed,1
cornrows,1
cornucopia,1
corny,1
corolla,1
corpus,1
corresponding,1
corrode,1
corrugate,1
corrugated,1
could'nt,1
coulda,1
countenance,1
counterclockwise,1
counterfactuals,1
couples,1
courteous,1
coveted,1
cowcatcher,1
cowl,1
cowpokes,1
cowrote,1
coyote,1
cozies,1
cpr,1
crackin,1
crampy,1
crankiness,1
crankshaft,1
cranny,1
craw,1
cray,1
creationists,1
credence,1
creeper,1
cremate,1
crewman,1
crikey,1
crippling,1
crips,1
cris,1
crispiness,1
crispy,1
criticizing,1
croatian,1
crossbar,1
crosswalk,1
crowning,1
crucible,1
crusher,1
cryostat,1
cubic,1
cud,1
cufflink,1
culminate,1
culpability,1
culprit,1
curdle,1
curdoroy,1
curler,1
curlicue,1
curling,1
cursory,1
curtis,1
curvature,1
cusp,1
cuss,1
customized,1
cutsies,1
cwap,1
cwazy,1
cweepy,1
cyanide,1
cycloid,1
cylindrical,1
cymbal,1
d'onofrio,1
dabble,1
daffodil,1
damaged,1
damnation,1
dampness,1
dander,1
daredevil,1
darned,1
dashing,1
dayquilt,1
decapitates,1
decelerates,1
deceptive,1
decibel,1
decided,1
decider,1
decoherence,1
decontamination,1
deepwater,1
defective,1
defendant,1
defensively,1
defensiveness,1
deferens,1
defiled,1
defilement,1
defrosting,1
defunct,1
degenerative,1
degradation,1
dehydration,1
delicatessen,1
delirium,1
della,1
delude,1
deluded,1
delusional,1
demeanor,1
demonstrably,1
dendritic,1
denied,1
denigrate,1
dependency,1
depiction,1
deployability,1
deployment,1
depresses,1
depressus,1
deranged,1
dereliction,1
deride,1
derisive,1
derisively,1
derriere,1
desecrates,1
desiccant,1
designation,1
desirability,1
despicable,1
detachment,1
determing,1
detox,1
devastated,1
devastates,1
devastating,1
developing,1
develops,1
deviated,1
deviation,1
devolve,1
dew,1
dewlap,1
dewusions,1
dexter,1
di,1
diagnosable,1
diagnostics,1
dialing,1
diametrically,1
diaphra,1
diaphragm,1
dickens,1
dickensian,1
dickie,1
dietician,1
differentiate,1
differs,1
diffraction,1
diffusing,1
digest,1
digitize,1
dilepton,1
dilettante,1
dimensional,1
dimitri,1
dinnertime,1
diorama,1
dipole,1
dipped,1
dire,1
directing,1
disap,1
disappoints,1
disassemble,1
disconcerting,1
discourteous,1
discoverer,1
discredited,1
discrepancy,1
discrete,1
disenchanted,1
disfigured,1
dishevel,1
disinclination,1
disintegrate,1
disinterested,1
dislocated,1
disloyal,1
dismemberment,1
dismissive,1
disorientation,1
dispersion,1
displease,1
displeasure,1
disposition,1
disproves,1
disrepute,1
dissection,1
dissipate,1
dissipation,1
distended,1
distil,1
distortion,1
distraught,1
distressed,1
distressing,1
dit,1
diurnal,1
diver,1
diversified,1
diverter,1
divider,1
divisible,1
divvied,1
dizhang,1
dizziness,1
doghouse,1
dogsled,1
dokay,1
dokey,1
doled,1
doling,1
dolores,1
domesticate,1
dominated,1
dominates,1
domination,1
domino,1
donkulous,1
donuts,1
doodad,1
doodlin,1
doogie,1
doomed,1
doompety,1
doon,1
doormat,1
doritos,1
doubleazinga,1
downloadable,1
downloads,1
downtime,1
dreamboat,1
dreamily,1
dreamland,1
dredge,1
dreidels,1
dressier,1
dripped,1
drippy,1
drizzly,1
droids,1
dropout,1
dropping,1
drowned,1
dryad,1
duchess,1
duchy,1
dumbs,1
duncan,1
duodenum,1
dvds,1
dweller,1
dwive,1
dyn,1
e'vlkub,1
eagerness,1
earlobes,1
earner,1
ears,1
earthbound,1
earthenware,1
earthlings,1
easygoing,1
ech,1
ectoplasmic,1
eddy,1
edifice,1
editorial,1
effortless,1
effusive,1
egomaniac,1
egotist,1
ein,1
ejaculation,1
ekairidium,1
elastic,1
elasticity,1
elective,1
electrified,1
electrify,1
electroencephalogram,1
electromagnetism,1
electromyogram,1
elevation,1
elitist,1
elixir,1
elongation,1
eloquence,1
eloquently,1
eludes,1
emailing,1
emasculating,1
emasculation,1
embassy,1
emblem,1
emippali,1
emit,1
emits,1
emitter,1
emoticon,1
empathetic,1
empedocles,1
emphysema,1
encapsulates,1
enchantress,1
encode,1
encompass,1
encouraged,1
endearing,1
endocrine,1
endorphic,1
endowment,1
engorged,1
engraving,1
engulf,1
enhanced,1
enjoyed,1
enmesh,1
enriched,1
enroll,1
ensconce,1
ensconced,1
ensign,1
entangle,1
entendre,1
enterprising,1
enthusiastically,1
entomology,1
entrepreneurial,1
entwine,1
enumerates,1
envelop,1
epaulet,1
ephemera,1
episodes,1
episoe,1
epitome,1
epsilon,1
equalization,1
equalizer,1
equatorial,1
equidistant,1
equilateral,1
equilibrium,1
equitable,1
equivocation,1
erectus,1
erg,1
ergo,1
eridani,1
erogenous,1
erosion,1
erotica,1
erotically,1
esculenta,1
eskimo,1
esprit,1
established,1
estonian,1
europe,1
eurydice,1
ev'ry,1
evacuation,1
eventual,1
evergreen,1
eviction,1
evid,1
evident,1
evolved,1
ewok,1
examing,1
exasperate,1
exasperation,1
excusable,1
exfoliate,1
exiting,1
expander,1
expands,1
expectant,1
expectorant,1
experimentalists,1
explana,1
exploder,1
expound,1
expulsion,1
exsorbibo,1
extensively,1
extinction,1
extragalactic,1
extraneous,1
extrapolate,1
extrapolation,1
extrasolar,1
extravehicular,1
extrusive,1
faberge,1
fabricate,1
facetime,1
facsimile,1
factoring,1
factual,1
factually,1
fainter,1
faisal,1
fajitas,1
fakakta,1
falconry,1
fallacious,1
fallopian,1
falter,1
fanatical,1
fanboys,1
fanciful,1
fandom,1
fanny,1
farmanfarmian,1
farmian,1
farrah,1
farthest,1
fashter,1
fatality,1
faucet,1
fauna,1
fava,1
fawn,1
fe,1
featured,1
febrile,1
feeble,1
feldspar,1
fellas,1
femininity,1
femtosecond,1
ferrnions,1
ferromagnetic,1
fervent,1
fez,1
fibbed,1
fidelity,1
fiendishly,1
figgy,1
figurative,1
filibuster,1
filking,1
filly,1
fingering,1
finnish,1
firewire,1
fishin,1
fishnet,1
fissionable,1
fixation,1
fixins,1
fl,1
flail,1
flakey,1
flaky,1
flamenco,1
flanken,1
flaring,1
flatland,1
flatlines,1
flatulence,1
flatworm,1
flavorless,1
fleabag,1
fleeing,1
flinch,1
flippin,1
floating,1
flossing,1
flotation,1
flourish,1
fluency,1
fluent,1
flume,1
flummoxed,1
fluoroscope,1
flyboy,1
flying,1
fmri,1
foie,1
foist,1
folktale,1
follows,1
fondant,1
foolin,1
foolproof,1
footloo,1
footloose,1
footwear,1
forbade,1
forbaded,1
forboded,1
forceful,1
forcing,1
foreever,1
forego,1
foreground,1
forgo,1
forma,1
formalism,1
formative,1
formulate,1
fortified,1
fossilize,1
foundamerica,1
fowl,1
fowler,1
frack,1
frackin,1
fractal,1
fragged,1
fragmentation,1
fragrance,1
fragrant,1
frak,1
franca,1
frankie,1
fraternal,1
freaked,1
freckling,1
fred,1
freeing,1
freestyle,1
frenchman,1
frenzied,1
freud,1
frilly,1
frisk,1
frivolity,1
fro'ing,1
fromthe,1
frontation,1
froot,1
frostbite,1
frowny,1
frugal,1
fruitcake,1
fruitless,1
frumpy,1
frustratingly,1
fudgsicle,1
functionality,1
functionally,1
fundraising,1
fungi,1
funnest,1
fussing,1
g'night,1
gabfest,1
gallbladder,1
galleria,1
gals,1
gambol,1
gangrene,1
gangrenous,1
gansta,1
gargle,1
gary,1
gastric,1
gastronomically,1
gat,1
gath'ring,1
gazillion,1
gecko,1
gedankenexperiments,1
geegaw,1
geese,1
gefilte,1
genderless,1
generalization,1
geneticist,1
geographic,1
geographically,1
geriatric,1
germanic,1
germanium,1
germination,1
germophobe,1
gethe,1
gev,1
gevalt,1
geyser,1
ghar,1
gherkin,1
ghoulish,1
gif,1
gifs,1
giggly,1
gigolo,1
gimbal,1
gimmick,1
girly,1
gizmo,1
glacial,1
glandular,1
glaringly,1
gleefully,1
glenoid,1
glial,1
glimmer,1
glioblastoma,1
glitz,1
gloatmeal,1
globetrotter,1
glucose,1
glucosinolates,1
glutamine,1
gluttony,1
gnat,1
gob,1
gobble,1
godchild,1
godzilla,1
goeth,1
goggle,1
goink,1
goiter,1
goldfinch,1
gonorrhea,1
goofin,1
goosebump,1
gopher,1
gosling,1
gossipy,1
gothic,1
governorate,1
gr,1
gradation,1
graft,1
grammatical,1
grandbabies,1
grandbaby,1
graphene,1
gras,1
grate,1
gratify,1
gravitas,1
greng,1
greyhound,1
grinding,1
grocer,1
groomer,1
groomsman,1
groomzilla,1
groped,1
grouch,1
grounding,1
grouping,1
groveler,1
grumbling,1
guaranteed,1
guesser,1
guesting,1
guided,1
gunny,1
guppy,1
gurney,1
guru,1
gusses,1
gutted,1
gynecology,1
gyroscopic,1
haaretz,1
hacha,1
hacker,1
halfling,1
hallucination,1
hallucinogenics,1
hamotzi,1
hamstrung,1
handball,1
handcrafted,1
handmaid,1
handwrite,1
hangman,1
hankerin,1
hankius,1
hanky,1
hans,1
haolam,1
happenstance,1
haptic,1
hardball,1
hardhat,1
hardhats,1
hardtack,1
harpy,1
hast,1
haughty,1
hawkman,1
hazelnut,1
hdtv,1
headboard,1
header,1
heapin,1
heartthrob,1
heartwarming,1
heatstroke,1
heavenly,1
heaving,1
hebrew,1
hedonistic,1
heft,1
heigh,1
heimlich,1
heimliched,1
heinies,1
helicity,1
hellish,1
helluva,1
hem,1
hemorrhage,1
herbies,1
hereditary,1
hermit,1
heterosexuality,1
heterotic,1
heuristic,1
hexadecimal,1
hexagon,1
heyo,1
hijinkery,1
hindbrain,1
hindus,1
hir,1
hissing,1
histology,1
hitchhiker,1
hobgoblin,1
hobos,1
hoc,1
hodgepodge,1
hogtie,1
hogwash,1
hoi,1
hollywood,1
holmes,1
holochess,1
homeopathic,1
homeopathy,1
homespun,1
homogenous,1
homonymic,1
honduras,1
honeybunch,1
honeyed,1
honeysuckle,1
hooch,1
hooey,1
hoopla,1
hootenannies,1
horizontal,1
horosho,1
hosiery,1
hospitable,1
hostesses,1
householder,1
housekeep,1
housekeeping,1
hoverboard,1
hovercraft,1
hubris,1
huffin,1
humdrum,1
humerus,1
humiliated,1
humormometer,1
humorously,1
hun,1
hundredth,1
husbanding,1
husbandly,1
hushed,1
husky,1
hwatch,1
hydrocarbon,1
hydrodynamic,1
hydrodynamics,1
hydroelectric,1
hygienist,1
hymen,1
hyperelliptic,1
hypergravity,1
hyperplasia,1
hyperthyroidism,1
hypertrophic,1
hyphen,1
hyphenate,1
hypodermic,1
hypotenuse,1
hypothermia,1
hypothes,1
hysteresis,1
ibn,1
ibuprofen,1
ical,1
icees,1
ich,1
icosahedral,1
icosidodecahedron,1
idealized,1
ifs,1
ift,1
igneous,1
ignoring,1
iie,1
illustrated,1
imagineers,1
immaculate,1
immense,1
immunotherapy,1
impair,1
impairment,1
impart,1
imparting,1
impede,1
impediment,1
impend,1
impending,1
imperfection,1
imperial,1
imperialist,1
impersonating,1
impersonation,1
implicated,1
implode,1
imprinted,1
imprisoned,1
improvisation,1
inaccessible,1
inaction,1
inarguable,1
inarguably,1
inattentive,1
incandescent,1
incapacitate,1
incessant,1
incessantly,1
incisor,1
inconclusively,1
incongruous,1
inconsolable,1
incontinence,1
incredibles,1
incumbent,1
indecipherable,1
indelible,1
indemnification,1
indeterminate,1
individuly,1
indoctrinate,1
induced,1
inelegance,1
inelegant,1
inevitability,1
inexac,1
inexperienced,1
infatuate,1
inferno,1
infighting,1
inflationary,1
inflatons,1
informational,1
informed,1
infoseek,1
infraction,1
infuse,1
ingest,1
ingestion,1
ingratiate,1
inhabitant,1
inhibitory,1
inhibits,1
inky,1
innermost,1
innovate,1
inoculation,1
inorganic,1
inscribe,1
insensitively,1
insinuate,1
insofar,1
instability,1
installing,1
instructive,1
insufficiently,1
insulator,1
integer,1
intensify,1
interchangeable,1
interconnected,1
intercontinental,1
interdimensional,1
interdisciplinary,1
interestingly,1
interjection,1
interloper,1
intermediary,1
interplanetary,1
interrelated,1
intersperse,1
intolerable,1
intoxicated,1
intrigued,1
intrinsic,1
intrude,1
invariant,1
invasive,1
inventor,1
inverted,1
invigorating,1
invisibility,1
invocation,1
involuntarily,1
ionize,1
ipads,1
ipecac,1
iphones,1
irasshaimase,1
irregularly,1
irresistible,1
irrigator,1
isaac,1
isguided,1
isnihil,1
israeli,1
israelite,1
iterates,1
itinerant,1
itsy,1
iv,1
izabeth,1
jab,1
jacuzzi,1
jaguar,1
jailor,1
jajvam,1
jake,1
jamb,1
janine,1
japan,1
jape,1
jaundice,1
jeopardizes,1
jest,1
jetta,1
jettison,1
jeweled,1
jia,1
jibberjabber,1
jie,1
jif,1
jiff,1
jifs,1
jiminy,1
jinks,1
jogger,1
johnwilliams,1
jonesing,1
jostling,1
journeyed,1
jpeg,1
judgy,1
judo,1
jugement,1
jugular,1
juicing,1
julep,1
juncture,1
jungian,1
jut,1
juvenilizing,1
juxtaposition,1
juy,1
kabob,1
kaboom,1
kale,1
kama,1
kapla,1
katto,1
kegel,1
kerfuffle,1
kickball,1
kicking,1
kickstand,1
kickstarter,1
kiddy,1
kilograms,1
kilonewtons,1
kinetics,1
kink,1
kist,1
klatch,1
kleine,1
klingon,1
knocker,1
know'st,1
knowingly,1
koira,1
koko,1
kooky,1
koothrapanties,1
kowtow,1
kraken,1
kreplach,1
kuiper,1
kumquat,1
laborious,1
labyrinth,1
lacked,1
lacking,1
lacrosse,1
laddie,1
lambchop,1
landlocked,1
landspeeder,1
lanky,1
lanthanoid,1
lanthanum,1
laparoscopy,1
lapse,1
larceny,1
larval,1
lasso,1
lattice,1
laudatory,1
laughable,1
laughably,1
laughlin,1
laureates,1
layover,1
leaking,1
lebanon,1
lecturing,1
lee,1
leek,1
leer,1
leet,1
lengthy,1
lenient,1
leon,1
leonid,1
leprous,1
lesbianism,1
lessen,1
lesser,1
letdown,1
leveling,1
licorice,1
lidocaine,1
liftoff,1
lightin,1
liken,1
limbless,1
limerick,1
lingua,1
linguistics,1
liquids,1
lisatronic,1
lite,1
litigious,1
litt,1
livable,1
livelong,1
liverwurst,1
llexxi,1
loathes,1
loathsome,1
localization,1
lofty,1
loganberry,1
lokh,1
lollipop,1
longing,1
looming,1
lordly,1
lore,1
loseroneous,1
lovebird,1
lovebug,1
lovescrubs,1
lowering,1
lowfat,1
lui,1
lumberjack,1
lumens,1
luminary,1
lunar,1
lunchroom,1
lurks,1
lustrous,1
lusty,1
luxuriously,1
macaroon,1
mache,1
mack,1
macroscopic,1
madly,1
maelstrom,1
mafic,1
magnetoresistance,1
magnifying,1
mainframe,1
maintaing,1
malarial,1
malevolent,1
malfunctioning,1
mallomars,1
maltodextrin,1
mammary,1
mammogram,1
mandrill,1
manihot,1
manipul,1
manor,1
manscaping,1
mantel,1
mantelpiece,1
mantra,1
manufactured,1
manushya,1
marauder,1
marge,1
mariachi,1
marigold,1
marinara,1
marionette,1
marlon,1
marvel,1
mascara,1
mashup,1
massimino,1
massively,1
mastering,1
mastery,1
masturbatory,1
matchmaking,1
materiel,1
mathletes,1
mathletics,1
matzah,1
maurice,1
maximus,1
mcdonald,1
mcnuggets,1
mea,1
meae,1
mealy,1
meatlover,1
meaty,1
mechanize,1
meddling,1
mediation,1
medusa,1
meitnerium,1
melodious,1
melted,1
memorialize,1
menace,1
menage,1
menorah,1
menthol,1
mercedes,1
merchandise,1
merciless,1
mesa,1
metabolic,1
metabolize,1
metatarsal,1
methacrylate,1
methodically,1
metrosexual,1
miasma,1
mickey,1
microbe,1
microbus,1
microgram,1
microvilli,1
millennial,1
millennium,1
milli,1
millisecond,1
milquetoast,1
minefield,1
minestrone,1
miniaturise,1
miniaturization,1
miniaturized,1
minicam,1
miniseries,1
misapprehension,1
misappropriate,1
misbegotten,1
miscalculate,1
miscellany,1
misdeliver,1
misfire,1
misguide,1
misleading,1
misnomer,1
misprint,1
misquote,1
misroute,1
misrouted,1
misspeak,1
misstate,1
missy,1
mit,1
mitch,1
mitosis,1
mitts,1
mixture,1
modality,1
modem,1
modified,1
modulus,1
moisturize,1
moisturizing,1
mojo,1
molar,1
mollify,1
molybdenum,1
moneymaker,1
mongrel,1
monkeys,1
monogamous,1
monolithic,1
monomer,1
monoxide,1
mooching,1
moondance,1
mope,1
moped,1
morbidly,1
morph,1
morta,1
mosey,1
mothball,1
mothlike,1
mothy,1
motionless,1
motorist,1
mourns,1
mousse,1
mower,1
mucous,1
muggles,1
mukha,1
multilingual,1
multiplayer,1
multiplex,1
multiplying,1
mumbai,1
mummification,1
municipal,1
muppet,1
murray,1
mus,1
mushy,1
musically,1
musik,1
muumuu,1
myofascial,1
myriad,1
mythbusters,1
mythological,1
na,1
nachos,1
naively,1
nanometer,1
nantucket,1
napoleon,1
narcissistically,1
narrowly,1
nary,1
nasa,1
nasal,1
nattering,1
naturalized,1
navigational,1
naw,1
naye,1
neaten,1
neato,1
nebraska,1
nebraskan,1
necromancer,1
necrophilia,1
needed,1
neediness,1
needlepoint,1
needler,1
neg,1
negatory,1
neil,1
nekhmakh,1
nemo,1
neodymium,1
neptunium,1
nerdvana,1
nervously,1
nervousness,1
nesting,1
neti,1
neuro,1
neurochemical,1
neurofibers,1
neurolinguistic,1
neurology,1
neuronal,1
neuroprosthetics,1
neurotransmitter,1
neutralino,1
neutralization,1
neutrinos,1
newb,1
newbs,1
newcomer,1
newfangled,1
newtonian,1
nibbling,1
nicety,1
nightgown,1
nightie,1
nightshirt,1
ninety,1
ninny,1
nintendo,1
nit,1
nk,1
nobrize,1
noir,1
nonaggressive,1
nonchalance,1
noncommittal,1
nondisclosure,1
nonequilibrium,1
nonfat,1
nonferrous,1
nonfiction,1
nonfunctional,1
nonprofessional,1
nonsteroidal,1
nonverbal,1
noonday,1
normalization,1
northwest,1
notable,1
noticed,1
notting,1
nourishing,1
novelist,1
npr,1
nth,1
numbing,1
numerically,1
nursis,1
nutbag,1
nutso,1
ny,1
o'clocks,1
obliquely,1
oblivious,1
obously,1
obsessively,1
occipital,1
oceanography,1
ocked,1
octave,1
octopus,1
oddity,1
odorless,1
ofries,1
ogle,1
olde,1
ology,1
omegas,1
omg,1
omit,1
omnidirectional,1
oncoming,1
oneself,1
onlooker,1
onlyne,1
onto,1
oo,1
oolong,1
operatin,1
opium,1
opposable,1
opposition,1
oppress,1
oppressor,1
opt,1
optimization,1
optometrist,1
orbitofrontal,1
ordo,1
oreo,1
orient,1
orion,1
ornithologist,1
ornithophobia,1
oronic,1
orpheus,1
orthography,1
orthopedic,1
oscillation,1
osmium,1
osmosis,1
ostracize,1
otolaryngologist,1
ottoman,1
otyugh,1
ouchie,1
outage,1
outdoorsman,1
outearn,1
outflank,1
outie,1
outing,1
outsidey,1
outsmart,1
outweigh,1
overact,1
overactive,1
overanalyze,1
overcame,1
overcompensation,1
overcrowd,1
overgrown,1
overlay,1
overproofed,1
overrate,1
override,1
overshadow,1
overstay,1
overtipped,1
overtone,1
ovum,1
owlbear,1
oxidant,1
oxy,1
oxyacetylene,1
pacemaker,1
padded,1
paing,1
paisley,1
paler,1
palette,1
palpatine,1
panache,1
pancakes,1
pankius,1
panoramic,1
pantsed,1
pantsing,1
papier,1
papyrus,1
paraffin,1
parakeet,1
parallax,1
parallelogram,1
parasitoid,1
parch,1
parental,1
parfait,1
parlance,1
parliamentary,1
parmesan,1
parsa,1
parse,1
parteth,1
particulares,1
partons,1
partway,1
pasadena,1
pasghetti,1
passivity,1
patently,1
paternal,1
pathologically,1
pathology,1
patootie,1
patty,1
pavement,1
payday,1
pdf,1
pdfs,1
peachy,1
peasants,1
pedestal,1
pedicure,1
pedigree,1
pedometer,1
peed,1
peewee,1
pemberton,1
penalize,1
pennant,1
pentagonal,1
pepsi,1
pepto,1
perceptual,1
perchloroethylene,1
perdition,1
perfunctory,1
perineum,1
perkiness,1
permanence,1
pernicious,1
perpetrate,1
perpetually,1
perseus,1
persian,1
perturbation,1
perturbative,1
peruse,1
pestering,1
pestilence,1
petroleum,1
peyote,1
pharmacology,1
phased,1
phenolphthalein,1
phobic,1
photoionization,1
photosynthetic,1
phylum,1
physicals,1
physicists,1
physiologically,1
pictographic,1
picturesque,1
pierced,1
piggybacking,1
pigment,1
pigpen,1
pikachu,1
pinata,1
pinkie,1
pinot,1
pip,1
pique,1
piracy,1
pisces,1
pish,1
pissier,1
pistachios,1
pitfall,1
pixie,1
pjs,1
pl,1
placeholder,1
plagued,1
planetes,1
planetoid,1
planned,1
plasticized,1
plateful,1
platitude,1
platonically,1
platypus,1
playacting,1
playdate,1
playdates,1
playfully,1
playingith,1
plays,1
playstation,1
pleasantly,1
pleaser,1
pleasingly,1
pleathe,1
plebeian,1
plethora,1
plod,1
plotzed,1
plover,1
plumage,1
plumb,1
plume,1
plunger,1
plunk,1
poached,1
pointlessly,1
pokh,1
pol,1
polarization,1
polecat,1
polenta,1
policewoman,1
polishing,1
polka,1
pollen,1
polloi,1
polyamorous,1
polycarbonate,1
polyhedral,1
polymerize,1
polymerized,1
polypropylene,1
polyvinyl,1
pontifex,1
pontoon,1
poolside,1
popover,1
popped,1
populace,1
pornographer,1
porous,1
positron,1
posted,1
postgraduate,1
postpubescent,1
postural,1
potentiation,1
potl,1
practicality,1
pragmatist,1
prague,1
preaches,1
preceding,1
preclude,1
precocious,1
preconception,1
predate,1
predatory,1
predictably,1
predigest,1
preggo,1
premed,1
preschooler,1
pressurization,1
presto,1
presumed,1
presuppose,1
prettier,1
prevailing,1
prim,1
primatology,1
principia,1
pringles,1
prism,1
prizefight,1
prk,1
probing,1
processional,1
procreating,1
professed,1
progesterone,1
projectile,1
prolate,1
prompt,1
propulsion,1
prostatic,1
protoplasm,1
provenance,1
prowl,1
proxima,1
proximal,1
proximate,1
pruny,1
prurient,1
pssh,1
psychologism,1
psychosexual,1
psychotherapist,1
psychotherapy,1
ptang,1
published,1
pubococcygeus,1
puffery,1
puffin,1
pukhpa,1
pulsate,1
pulverize,1
pummel,1
pumper,1
punim,1
pupate,1
puppeteer,1
purelling,1
purport,1
pushback,1
pushed,1
pushover,1
puta,1
puzzled,1
pvc,1
pwasma,1
pwoblem,1
pyrite,1
qo,1
qochbe,1
quadrilateral,1
quadruple,1
quadrupole,1
qualitatively,1
qualm,1
quantifiable,1
quantitative,1
quantization,1
quantize,1
quarz,1
quasar,1
quell,1
questing,1
quilting,1
quinto,1
quizzical,1
racoon,1
radiate,1
radiating,1
radiative,1
radioactivity,1
radiohead,1
rafting,1
rager,1
raggediness,1
ragtag,1
raiders,1
railroading,1
raison,1
ramona,1
ranging,1
rankest,1
ransack,1
raptor,1
rarefy,1
rarified,1
rasor,1
rattling,1
raucous,1
reabsorb,1
realized,1
reascended,1
reasonableness,1
reassembly,1
reattached,1
rebuttal,1
recalculate,1
recalibrate,1
recant,1
recluse,1
recognise,1
recollect,1
recombinant,1
reconceptualize,1
recondition,1
reconfirm,1
reconnected,1
reconstitute,1
reconstruct,1
recordings,1
redeems,1
rederivation,1
rediscover,1
reductio,1
redundancy,1
reenacts,1
reentering,1
reestablishment,1
reevaluated,1
refine,1
refraction,1
refreezing,1
refurbish,1
regale,1
reggae,1
regulae,1
regularity,1
regulates,1
rehabilitate,1
rehearsed,1
reinitiating,1
reinterpretation,1
reintroduce,1
rekh,1
rekindle,1
rekindles,1
relating,1
relativistic,1
relativistically,1
relaunch,1
relaxer,1
relec,1
reliant,1
religiously,1
remastered,1
remembering,1
remnant,1
renege,1
repaint,1
repeal,1
repeated,1
repeater,1
replant,1
repopulate,1
reprint,1
reprogrammed,1
reprogramming,1
reptile,1
repurposes,1
required,1
resell,1
reshape,1
reshoot,1
resin,1
resources,1
resplendent,1
restate,1
restating,1
resultant,1
resulting,1
resurrection,1
resuscitation,1
retention,1
reticence,1
retinal,1
retiring,1
retold,1
retool,1
retort,1
retractable,1
retrain,1
retrieval,1
retrovirus,1
retweeted,1
reuptake,1
reverts,1
revolves,1
rewatching,1
rewire,1
rhenium,1
rhinos,1
rhythmic,1
richer,1
riddled,1
ridonkulous,1
riesling,1
righ,1
ripping,1
ripple,1
ristorante,1
ritualistic,1
riverboat,1
roadrunner,1
roadways,1
roasting,1
rocker,1
rogaine,1
rollerblading,1
romulans,1
roomie,1
rosewater,1
rostenkowski,1
rotates,1
rotational,1
rototiller,1
rou,1
roughage,1
roundtable,1
rowte,1
royale,1
rubdown,1
ruchi,1
rudely,1
rugby,1
rumba,1
rumple,1
rutting,1
ryp,1
s'up,1
saal,1
sac,1
salinity,1
sallow,1
salted,1
saltiness,1
salvo,1
sanc,1
sanctimonious,1
sanctioned,1
sanctity,1
sangeetka,1
sanjay,1
sank,1
sanskrit,1
sar,1
sardonic,1
satay,1
sate,1
satisfice,1
saturate,1
saucer,1
sauvignon,1
sawpeter,1
scalar,1
scald,1
scalene,1
scallywag,1
scalpel,1
scalper,1
scaly,1
scamming,1
scampi,1
scandalous,1
scapula,1
scarcer,1
scavenging,1
scd,1
scheduling,1
schlep,1
schlepped,1
schmekel,1
schmutz,1
schon,1
schoolchildren,1
schoolhouse,1
schrodinger,1
sci,1
sciencey,1
scintillation,1
scooping,1
scrambled,1
scrappy,1
scratcher,1
scratching,1
scrawl,1
screeching,1
screenwriting,1
screwup,1
scribble,1
scrotal,1
scully,1
sculptor,1
scurvy,1
seamstress,1
secluded,1
secrete,1
sedimented,1
seductively,1
seeker,1
seekha,1
seen,1
segregation,1
selectron,1
selenium,1
selfless,1
semantically,1
semantics,1
semblance,1
semi,1
semiconductor,1
semiskilled,1
senate,1
sensational,1
sequential,1
serviceable,1
servo,1
settled,1
severing,1
sewn,1
sextant,1
shackle,1
shampooed,1
shamu,1
shanty,1
sharpener,1
sharply,1
shedding,1
sheldonian,1
sheldonoscopy,1
sheldor,1
shelve,1
sherbet,1
shiksi,1
shimmer,1
shire,1
shiva,1
shmylepton,1
shoebox,1
shopper,1
shopworn,1
shortest,1
showering,1
showman,1
shpeed,1
shpritz,1
shpritzing,1
shredded,1
shrieky,1
shuts,1
shvanasana,1
sickeningly,1
sideline,1
sidenote,1
sidetrack,1
siete,1
siffy,1
sigma,1
signatory,1
silo,1
simba,1
simile,1
sine,1
singlet,1
sipping,1
sippy,1
siren,1
sitcom,1
situps,1
skedaddle,1
skeletonize,1
skier,1
skillful,1
skillfully,1
skimmer,1
skinless,1
skydive,1
skyped,1
skypes,1
skyping,1
skywalker,1
slacker,1
slant,1
sleazy,1
sleepaway,1
sleepwalk,1
sleet,1
sleevis,1
slehves,1
slid,1
slimming,1
slingshot,1
slipcover,1
slipped,1
slithers,1
sloshes,1
sluggishly,1
sluice,1
slurp,1
slurpees,1
slutbag,1
sluttiest,1
sluttiness,1
smallpox,1
smartiest,1
smartphone,1
smeared,1
smirking,1
smooch,1
smooshing,1
smoot,1
smoothness,1
smoothy,1
smooty,1
smorgasbord,1
smushy,1
snafu,1
snapchat,1
sneezing,1
sniffling,1
snikt,1
sniping,1
snippet,1
snoodled,1
snootful,1
snotted,1
snotty,1
snuggling,1
soapy,1
socialization,1
sociopathic,1
socrates,1
sod,1
softness,1
soggy,1
solace,1
soliloquy,1
solves,1
somber,1
someone'smother,1
somethingice,1
sonnet,1
sonny,1
sonorous,1
sophisticate,1
sordid,1
souffle,1
soulcycled,1
soulless,1
sounding,1
soundless,1
soundsational,1
souplantation,1
sourdough,1
sousaphone,1
sowing,1
spacecraft,1
sparsely,1
spasming,1
spatial,1
spay,1
spearfishing,1
spearmint,1
specious,1
specter,1
spectral,1
spectrographic,1
spectrometer,1
specular,1
speeder,1
speedoes,1
spelunk,1
spendy,1
spewer,1
spheroid,1
sphygmomanometer,1
spiced,1
spiked,1
spilt,1
spital,1
splashdown,1
splat,1
spleen,1
splendidly,1
splice,1
splurge,1
spokesman,1
spoof,1
spore,1
spork,1
sportsmanship,1
spreading,1
sprezzatura,1
spruce,1
spurt,1
sputum,1
squirrelly,1
stabilizing,1
stacked,1
staggering,1
stagnant,1
stakedo,1
staleness,1
standee,1
staph,1
staphylococcus,1
starchy,1
starry,1
starshipenterprise,1
starved,1
stateless,1
stately,1
statutory,1
steaks,1
steamed,1
steaming,1
steams,1
steamy,1
stella,1
stepbrother,1
stereotaxic,1
stiffed,1
stifled,1
stilt,1
stimulates,1
stipulated,1
sto,1
stockbroker,1
stockholm,1
stocky,1
stony,1
stopped,1
stormtrooper,1
strafe,1
straightlaced,1
straitjacket,1
strapped,1
streetwalker,1
streptococcus,1
strew,1
stringy,1
striptease,1
stronger,1
stu,1
stubble,1
stumped,1
stutterer,1
stylishly,1
stylize,1
stymy,1
subcommittee,1
subjunctive,1
subliminal,1
submerge,1
subordine,1
subsequent,1
subsequently,1
subserve,1
subsonic,1
substructure,1
subterranean,1
subtextually,1
subtly,1
subtropical,1
succinct,1
succor,1
sucking,1
sugarcoat,1
sugarpie,1
suggested,1
sulfites,1
sultan,1
sunbathe,1
supercede,1
supercedes,1
supercool,1
supercuts,1
superego,1
superfluids,1
superglued,1
supergravity,1
supernova,1
supernovas,1
superposition,1
supersingular,1
supersoldiers,1
supersolid,1
supersolider,1
superstious,1
supersymmetric,1
supervillain,1
supervillains,1
supplication,1
surfboard,1
suspends,1
suture,1
svelte,1
swampland,1
swapsies,1
swash,1
swashers,1
swastika,1
sweety,1
swindle,1
swinging,1
swirly,1
switcheroo,1
symptomatic,1
synagogue,1
synapsis,1
synaptic,1
synchronicity,1
synonyms,1
syntax,1
synthetize,1
syrupy,1
tabulate,1
tactful,1
tagalong,1
tagline,1
tailless,1
takedown,1
taketh,1
taki,1
talc,1
talcum,1
talisman,1
tallest,1
taming,1
tammy,1
tamper,1
tampered,1
tangential,1
tangled,1
tardis,1
tarmac,1
tartar,1
tasers,1
tasked,1
tassles,1
tatellah,1
tattletale,1
tattling,1
tattoos,1
tauntaun,1
tautology,1
tawdry,1
taxonomist,1
taylor,1
teakettle,1
teammate,1
technetium,1
technicality,1
technological,1
ted,1
teem,1
teenaged,1
teething,1
telecommute,1
telegraph,1
telekinetically,1
telematics,1
teleport,1
teleportation,1
televangelist,1
tem,1
temperamental,1
temporal,1
tempted,1
tenderhearted,1
tends,1
tentacle,1
terrain,1
tesla,1
tessellation,1
testable,1
thankyou,1
thatis,1
theaughter,1
thematically,1
themself,1
theodore,1
theorem,1
theoretic,1
thermodynamic,1
thermoforming,1
thickens,1
thickness,1
thine,1
thingamabob,1
thinka,1
thinkatorium,1
thinly,1
thistle,1
thorny,1
thoroughbred,1
thousandth,1
three,1
thrilla,1
throaty,1
throbbing,1
throe,1
throttle,1
throwaway,1
thru,1
thrush,1
thruster,1
thtow,1
thubtibe,1
tibia,1
tickled,1
tier,1
tiggers,1
tighty,1
tijuana,1
tik,1
tilefish,1
timetravel,1
tinge,1
tingling,1
tinier,1
tinted,1
tion,1
tipping,1
tiptoeing,1
titled,1
titted,1
to'ing,1
toasting,1
toblerone,1
tobowow,1
tochis,1
toisaac,1
tokus,1
tolerable,1
tomahto,1
tomfoolery,1
tonsil,1
toodles,1
toolbox,1
toothless,1
tootsee,1
tootsies,1
topological,1
topologically,1
topologist,1
toreal,1
tormented,1
toucan,1
toucher,1
tourette,1
tourmalinated,1
towering,1
towte,1
tracer,1
trachea,1
trackpad,1
tracksuits,1
trad,1
trainable,1
trainiac,1
trampy,1
transatlantic,1
transcendence,1
transcontinental,1
transformative,1
transgenically,1
transitional,1
translates,1
transmute,1
transposition,1
trashy,1
treasured,1
treatise,1
trent,1
trepidation,1
tri,1
triangulation,1
tribble,1
trickier,1
tricolored,1
trifecta,1
trigonometry,1
trill,1
triphasic,1
triplet,1
tripping,1
troubleshoot,1
trouper,1
trucker,1
truffle,1
trustee,1
tryout,1
tryptich,1
tthink,1
tuba,1
tubing,1
tuchis,1
tuchus,1
tugging,1
tum,1
tumbleweed,1
tundra,1
tuppence,1
turbine,1
turnabout,1
turncoat,1
turner,1
tushies,1
tweezer,1
twelfth,1
twiddle,1
twine,1
twinkie,1
twisting,1
twistor,1
twizzlers,1
two,1
tyke,1
typecast,1
typhoid,1
tyra,1
tyranny,1
ubiquitous,1
ultravi,1
unambiguously,1
unanswered,1
unanticipated,1
unappetizing,1
unassailable,1
unattached,1
unbag,1
unbalanced,1
unbearable,1
unbreakable,1
uncancel,1
uncensored,1
uncertainly,1
uncharged,1
uncharted,1
uncircumcised,1
uncivilized,1
uncomfortably,1
uncomprehending,1
uncontrollable,1
uncoordinated,1
uncork,1
uncover,1
underappreciated,1
undergraduate,1
undermines,1
underpinnings,1
underrated,1
underscore,1
undertipped,1
undertow,1
undesirable,1
undifferentiated,1
undignifying,1
undisclosed,1
undrawn,1
undressed,1
undressing,1
unerring,1
unescorted,1
uneven,1
unevolved,1
unexplored,1
unexpressed,1
unforgiving,1
unhook,1
unidentified,1
unification,1
uniformity,1
unilateral,1
unimpaired,1
uninformative,1
uninformed,1
uninhabitable,1
uninspected,1
uninterruptible,1
unites,1
universality,1
unjust,1
unjustifiably,1
unjustified,1
unlight,1
unlikable,1
unlisted,1
unloosen,1
unmoored,1
unmutilated,1
unnerving,1
unobjectionable,1
unobserved,1
unpermitted,1
unpinning,1
unpleasing,1
unprovable,1
unpublished,1
unrealistically,1
unrecognized,1
unremarkable,1
unrepeatable,1
unsatisfied,1
unsatisfying,1
unscented,1
unscrew,1
unsheathe,1
unsigned,1
unskilled,1
unsmell,1
unsolicited,1
unspoiled,1
unstick,1
unstructured,1
unsubscribe,1
unsuccessful,1
unsuitable,1
unsupportable,1
unsupported,1
unswirlied,1
unsympathetic,1
unthinkable,1
untinted,1
untogether,1
untold,1
unused,1
unverified,1
unvulnerable,1
unwillingness,1
unwinnable,1
unwritten,1
upbeat,1
upward,1
uri,1
urology,1
usage,1
uske,1
uterine,1
utero,1
uuu,1
uvulated,1
va,1
vader,1
valium,1
valuation,1
vanadium,1
variant,1
varied,1
varmint,1
vascular,1
vasculitis,1
vector,1
vehemence,1
velikovsky,1
venereal,1
venetian,1
venus,1
vera,1
vertex,1
vertically,1
vetoomus,1
vibranium,1
vibrating,1
vicissitude,1
viewers,1
vigor,1
virile,1
virulent,1
vishnu,1
visibly,1
visigoth,1
visualize,1
vitality,1
vitals,1
vivo,1
vocalization,1
vocation,1
voiding,1
voil,1
voracious,1
voyager,1
vw,1
wackadoodle,1
wady,1
wai,1
waistline,1
waitressing,1
waking,1
walla,1
walled,1
wallflower,1
wantonly,1
warcraft,1
warner,1
watchfrosty,1
wattage,1
waxed,1
waxer,1
waxy,1
waylay,1
weady,1
weaner,1
weaning,1
wearable,1
weaving,1
webbing,1
webelos,1
wecognition,1
wedgied,1
weducing,1
weightlift,1
wellington,1
wenteth,1
wereboar,1
wetirement,1
wetsuit,1
weused,1
wharf,1
whathing,1
wheelbase,1
wheeze,1
wherein,1
whereupons,1
whiplash,1
whiter,1
whitey,1
wholesome,1
whopper,1
whup,1
wideout,1
widicule,1
wielders,1
wields,1
wildcat,1
wildlife,1
willfully,1
willikers,1
wimping,1
windowsill,1
wineglass,1
winery,1
wino,1
wiry,1
wishful,1
withering,1
withers,1
withholding,1
witticism,1
wobots,1
wolowitzes,1
womankind,1
wonewy,1
wonky,1
wont,1
wonton,1
woodstove,1
wookiee,1
wooords,1
woos,1
workable,1
workflow,1
workforce,1
workshop,1
wormhole,1
worrisome,1
woulbe,1
woulda,1
wouldn'help,1
wraith,1
wreaks,1
wrecker,1
wrinkled,1
writhing,1
wubble,1
wuck,1
wussies,1
wyatt,1
xylophone,1
yajna,1
yakity,1
yammering,1
yardage,1
yearly,1
yech,1
yeeaaahh,1
yeehaw,1
yellowcake,1
yelly,1
yenta,1
yoctometers,1
yogi,1
yorker,1
yorkers,1
ytterbium,1
yutz,1
yvette,1
yyets,1
zazzles,1
zinged,1
zirconium,1
zzz,1
